"PLAYER_NAME";"TEAM_ABBREVIATION";"AGE";"PTS";"AST";"REB";"OREB";"DREB";"TOV";"STL";"BLK";"FG_PCT";"FG3_PCT";"FT_PCT";"Peso";"Altura";"Position"
"Aaron Gordon";"DEN";26;17,1;2,8;6,7;1,9;4,8;2;0,7;0,7;0,52;0,335;0,743;106,59412;2,032;"PF"
"Aaron Henry";"PHI";22;4,2;0;2,1;0;2,1;4,2;0;4,2;0,2;0;0;95,25432;1,9558;"SF"
"Aaron Holiday";"PHX";25;14,1;5,4;4,3;0,8;3,5;2,4;1,5;0,3;0,447;0,379;0,868;83,91452;1,8288;"PG"
"Aaron Nesmith";"BOS";22;12,3;1,4;5,6;0,9;4,6;1,9;1,3;0,3;0,396;0,27;0,808;97,52228;1,9558;"SF"
"Aaron Wiggins";"OKC";23;12,4;2;5,3;1,5;3,8;1,6;0,9;0,3;0,463;0,304;0,729;86,18248;1,9558;"SG"
"Abdel Nader";"PHX";28;8,4;1,7;6,7;1;5,7;2,7;2;1;0,343;0,286;0,6;102,0582;1,9558;"SF"
"Ade Murkey";"SAC";24;0;0;0;0;0;0;0;0;0;0;0;90,7184;1,9558;"SG"
"Admiral Schofield";"ORL";25;11,2;1,9;6,8;1,3;5,5;1,6;0,3;0,4;0,419;0,329;0,8;109,315672;1,9558;"SF"
"Ahmad Caver";"IND";25;85,4;0;0;0;0;0;0;0;1;0;0;78,925008;1,8796;"SG"
"Al Horford";"BOS";36;12,6;4,2;9,5;1,9;7,6;1,2;0,9;1,7;0,467;0,336;0,842;108,86208;2,032;"C"
"Alec Burks";"NYK";30;14,7;3,7;6,2;0,7;5,4;1,4;1,3;0,4;0,391;0,404;0,822;97,068688;1,9558;"SG"
"Aleem Ford";"ORL";24;6,9;1;7,3;1;6,4;2;0,5;0;0,3;0,133;0;99,79024;2,032;"SF"
"Aleksej Pokusevski";"OKC";20;13,6;3,8;9,3;2,1;7,2;2,7;1,1;1,1;0,408;0,289;0,7;95,25432;2,1336;"PF"
"Alex Caruso";"CHI";28;9,5;5,2;4,6;1;3,6;1,8;2,2;0,5;0,398;0,333;0,795;84,368112;1,9558;"SG"
"Alex Len";"SAC";29;13,6;2,6;9,3;3;6,3;2,5;0,8;1,5;0,534;0,286;0,651;113,398;2,1336;"C"
"Alfonzo McKinnie";"CHI";29;10,3;0,9;5,8;2,3;3,5;1,2;0,3;0,5;0,393;0,333;0,25;97,52228;2,0066;"SF"
"Alize Johnson";"NOP";26;8,8;1,9;13,1;6;7,1;2,6;1,1;0;0,436;0;0,583;96,161504;2,032;"PF"
"Alperen Sengun";"HOU";19;16,7;4,5;9,5;3,3;6,2;3,5;1,4;1,6;0,474;0,248;0,711;110,222856;2,1082;"C"
"Amir Coffey";"LAC";25;14,2;2,8;4,5;0,6;3,9;1;0,9;0,3;0,453;0,378;0,863;95,25432;2,0066;"SG"
"Andre Drummond";"BKN";28;14,5;3,3;17;5,7;11,3;2,9;2;1,7;0,57;0;0,524;126,552168;2,1082;"C"
"Andre Iguodala";"GSW";38;7,4;6,8;6;1,3;4,7;1,7;1,6;1,3;0,38;0,23;0,75;97,52228;1,9812;"SF"
"Andrew Wiggins";"GSW";27;19,4;2,5;5;1,3;3,7;1,7;1,2;0,8;0,466;0,393;0,634;89,357624;1,9812;"SF"
"Anfernee Simons";"POR";23;21,2;4,7;3,2;0,6;2,7;2,5;0,6;0,1;0,443;0,405;0,888;90,7184;1,905;"SG"
"Anthony Davis";"LAL";29;23,8;3,1;10,1;2,7;7,4;2,1;1,3;2,3;0,532;0,186;0,713;114,758776;2,0828;"C"
"Anthony Edwards";"MIN";20;22,4;4;5;0,9;4,1;2,8;1,5;0,7;0,441;0,357;0,786;102,0582;1,9304;"SG"
"Anthony Gill";"WAS";29;14;2,1;6,6;2,6;4;1,4;0,4;0,9;0,569;0,538;0,808;104,32616;2,0066;"PF"
"Anthony Lamb";"HOU";24;0;9,4;4,7;0;4,7;0;0;0;0;0;0;102,965384;1,9812;"SF"
"Armoni Brooks";"TOR";24;12,3;2,6;4,4;0,9;3,5;1,2;1,2;0,5;0,339;0,297;0,857;88,45044;1,905;"SG"
"Arnoldas Kulboka";"CHA";24;0;0;0;0;0;0;0;0;0;0;0;94,800728;2,0828;"SF"
"Austin Reaves";"LAL";24;11,3;2,8;4,9;1,1;3,8;1;0,7;0,5;0,459;0,317;0,839;89,357624;1,9558;"SG"
"Austin Rivers";"DEN";29;9,8;2,2;2,8;0,5;2,3;1,3;1,2;0,1;0,417;0,342;0,727;90,7184;1,9304;"SG"
"Avery Bradley";"LAL";31;10,1;1,2;3,5;0,8;2,7;1;1,4;0,2;0,423;0,39;0,889;81,64656;1,905;"SG"
"Ayo Dosunmu";"CHI";22;11,6;4,4;3,7;0,5;3,2;1,8;1;0,5;0,52;0,376;0,679;91,171992;1,9304;"SG"
"BJ Johnson";"ORL";26;14,5;0;8,4;3,3;5;0;0;0,6;0,44;0,4;0;90,7184;1,9812;"SF"
"Bam Adebayo";"MIA";24;21,1;3,7;11,1;2,7;8,4;2,9;1,6;0,9;0,557;0;0,753;115,66596;2,0574;"C"
"Ben McLemore";"POR";29;18,4;1,7;2,9;0,3;2,5;1,5;1,1;0,3;0,401;0,362;0,818;88,45044;1,905;"SG"
"Bismack Biyombo";"PHX";29;14,9;1,6;11,9;4,5;7,4;1,8;0,9;1,9;0,593;0;0,535;115,66596;2,032;"C"
"Blake Griffin";"BKN";33;13,5;3,9;8,6;2,3;6,3;1,2;1;0,5;0,425;0,262;0,724;113,398;2,0574;"C"
"Boban Marjanovic";"DAL";33;27,6;0,8;11;2,3;8,7;4,2;0;0,8;0,6;0,25;0,591;131,54168;2,2352;"C"
"Bobby Portis";"MIL";27;18,7;1,5;11,7;3,2;8,5;1,6;0,9;0,9;0,479;0,393;0,752;113,398;2,0574;"C"
"Bogdan Bogdanović";"ATL";29;18,5;3,8;4,9;0,6;4,3;1,4;1,3;0,3;0,431;0,368;0,843;102,0582;1,9558;"SG"
"Bojan Bogdanovic";"UTA";33;21,1;2;5;1;4;2;0,6;0;0,455;0,387;0,858;102,511792;2,0066;"PF"
"Bol Bol";"ORL";22;14,7;2,2;8,9;1,8;7,1;1,8;0,4;0,9;0,556;0,25;0,4;99,79024;2,2098;"PF"
"Bones Hyland";"DEN";21;19,2;5,2;5,2;0,4;4,8;2,4;1,1;0,5;0,403;0,366;0,856;76,657048;1,8796;"SG"
"Brad Wanamaker";"WAS";32;9,3;6,2;4,4;0,7;3,7;2,6;0,8;0,7;0,364;0,235;0,92;95,25432;1,905;"PG"
"Bradley Beal";"WAS";29;23,2;6,6;4,7;1;3,8;3,4;0,9;0,4;0,451;0,3;0,833;93,893544;1,9304;"SG"
"Brandon Boston";"LAC";20;16,2;2,4;5,3;0,8;4,5;1,5;1,2;0,6;0,385;0,306;0,819;85,275296;1,9812;"SG"
"Brandon Clarke";"MEM";25;19,2;2,5;9,9;3,9;6;1;1,1;2;0,644;0,227;0,654;97,52228;2,032;"PF"
"Brandon Goodwin";"CLE";26;12,3;6,5;4,8;1;3,8;2,6;1,8;0,1;0,416;0,345;0,632;81,64656;1,8288;"PG"
"Brandon Ingram";"NOP";24;24;5,9;6,2;0,7;5,5;2,9;0,7;0,5;0,461;0,327;0,826;86,18248;2,032;"SF"
"Brandon Knight";"DAL";30;17,8;4,5;4,5;0;4,5;2,2;0,6;0;0,4;0,235;1;82,553744;1,8796;"PG"
"Brandon Williams";"POR";22;17,4;5,3;4,2;1,1;3,1;3,3;1,4;0,6;0,372;0,292;0,701;86,18248;1,8542;"PG"
"Braxton Key";"DET";25;14,4;2;9,1;2,4;6,8;2;1,8;2;0,458;0,286;0,538;102,0582;2,032;"SF"
"Brodric Thomas";"BOS";25;12,6;6,6;6;1,2;4,8;3,6;0,6;0,6;0,444;0,222;0,6;83,91452;1,9558;"SG"
"Brook Lopez";"MIL";34;19,4;0,7;6,4;2,3;4,1;1,4;1;1,8;0,466;0,358;0,87;127,912944;2,159;"C"
"Bruce Brown";"BKN";25;13,1;3;7;2;5;1,1;1,6;1,1;0,506;0,404;0,758;91,625584;1,9304;"SF"
"Bruno Fernando";"HOU";23;20,8;1,7;13;4,2;8,7;3,3;0,2;2,6;0,655;0,5;0,625;108,86208;2,0574;"C"
"Bryn Forbes";"DEN";28;18,6;2,1;2,6;0,3;2,3;1,6;0,7;0,1;0,429;0,414;0,908;92,98636;1,8796;"SG"
"Buddy Hield";"IND";29;18,2;3,3;5,1;1;4,1;2,2;1,1;0,4;0,406;0,366;0,874;99,79024;1,9304;"SG"
"CJ Elleby";"POR";22;10,4;2,7;7;2;4,9;1,7;1,1;0,6;0,393;0,294;0,714;90,7184;1,9812;"SF"
"CJ McCollum";"NOP";30;23;5,3;4,5;0,9;3,6;2,1;1,2;0,4;0,46;0,388;0,682;86,18248;1,905;"PG"
"CJ Miles";"BOS";35;0;0;0;0;0;0;0;0;0;0;0;99,79024;1,9812;"SG"
"Cade Cunningham";"DET";20;19,2;6,1;6,1;1;5,1;4;1,3;0,7;0,416;0,314;0,845;99,79024;1,9812;"SG"
"Caleb Martin";"MIA";26;14,5;1,7;6;1,8;4,2;1,4;1,5;0,8;0,507;0,413;0,763;92,98636;1,9558;"SF"
"Cam Reddish";"NYK";22;17,7;1,7;3,7;0,9;2,8;2;1,7;0,5;0,404;0,359;0,902;98,429464;2,0066;"SF"
"Cam Thomas";"BKN";20;17,4;2,4;4,9;0,5;4,4;1,7;1;0,2;0,433;0,27;0,829;95,25432;1,905;"SG"
"Cameron Johnson";"PHX";26;17,1;2,1;5,7;0,9;4,8;1;1,2;0,3;0,46;0,425;0,86;95,25432;2,032;"PF"
"Cameron McGriff";"POR";24;11;2,3;11,7;4,7;7;0;0;0,8;0,357;0,333;1;99,79024;2,0066;"SF"
"Cameron Oliver";"ATL";25;19,1;2,5;5;1,7;3,3;0;0,8;0,8;0,667;0,333;0,667;108,408488;2,032;"SF"
"Cameron Payne";"PHX";27;17,6;7,9;4,9;0,7;4,3;2,9;1,1;0,5;0,409;0,336;0,843;83,007336;1,905;"PG"
"Caris LeVert";"CLE";27;19,9;5;4,3;0,9;3,5;2,2;1;0,5;0,444;0,32;0,756;92,98636;2,0066;"SG"
"Carlik Jones";"DEN";24;6,2;7,7;4,6;1,5;3,1;4,6;1,5;0;0,111;0;1;78,925008;1,8288;"PG"
"Carmelo Anthony";"LAL";38;18,4;1,4;5,8;1,2;4,5;1,2;0,9;1;0,441;0,375;0,83;107,954896;2,0066;"PF"
"Carsen Edwards";"DET";24;10,5;6,4;2,7;0,9;1,8;2,3;0,9;0;0,3;0,25;1;90,7184;1,8034;"SG"
"Cassius Stanley";"DET";22;12,1;0,9;4,4;1,2;3,3;1,4;1,2;0,5;0,413;0,235;1;86,18248;1,9558;"SG"
"Cassius Winston";"WAS";24;12,9;6,5;0,9;0;0,9;2,8;0;0;0,364;0,333;1;83,91452;1,8542;"PG"
"Cat Barber";"ATL";27;0;8,4;8,4;2,8;5,6;2,8;0;0;0;0;0;78,471416;1,8542;"PG"
"Cedi Osman";"CLE";27;17,5;3,3;3,6;0,6;3;1,7;1,3;0,2;0,432;0,357;0,664;104,32616;2,0066;"SF"
"Chandler Hutchison";"PHX";26;6,4;3,2;8;0;8;6,4;0;0;0,5;0;1;95,25432;1,9812;"SF"
"Charles Bassey";"PHI";21;14,8;1,5;13,3;4,7;8,6;1,7;1,1;3,6;0,638;0;0,75;104,32616;2,0828;"C"
"Charlie Brown Jr.";"PHI";25;6,1;1,2;6,5;2,8;3,6;1;2;0,8;0,256;0,083;0,9;90,264808;1,9812;"SG"
"Chaundee Brown Jr.";"ATL";23;10,8;1,4;5,6;0,3;5,2;0,3;0,7;0;0,313;0,333;0,833;97,52228;1,9558;"SF"
"Cheick Diallo";"DET";25;12,9;0;14,1;4,7;9,4;1,2;1,2;0;0,375;0;0,833;99,336648;2,032;"C"
"Chimezie Metu";"SAC";25;15;1,7;9,4;1;8,5;1,7;1,4;0,9;0,452;0,306;0,78;102,0582;2,0828;"C"
"Chris Boucher";"TOR";29;16,1;0,5;10,5;3,8;6,7;0,9;1;1,6;0,464;0,297;0,777;90,7184;2,032;"SF"
"Chris Chiozza";"GSW";26;6,5;6,3;3,5;0,9;2,6;3,1;1,3;0;0,296;0,321;0,667;79,3786;1,8034;"PG"
"Chris Duarte";"IND";25;16,8;2,7;5,3;1;4,3;2,1;1,3;0,2;0,432;0,369;0,804;86,18248;1,9558;"SG"
"Chris Paul";"PHX";37;16,1;11,8;4,8;0,4;4,4;2,6;2;0,3;0,493;0,317;0,837;79,3786;1,8288;"PG"
"Chris Silva";"MIA";25;10,3;2,8;14,2;5,1;9,1;3,2;0;0,4;0,533;0;0,833;106,140528;2,032;"PF"
"Christian Wood";"HOU";26;20,9;2,7;11,8;1,9;9,9;2,2;0,9;1,1;0,501;0,39;0,623;97,068688;2,032;"C"
"Chuma Okeke";"ORL";23;12,5;2,4;7,1;1;6,2;1,2;2;0,9;0,376;0,318;0,846;103,872568;2,0066;"PF"
"Clint Capela";"ATL";28;14,5;1,6;15,5;4,9;10,5;0,8;1;1,6;0,613;0;0,473;116,119552;2,0828;"C"
"Coby White";"CHI";22;16,6;3,8;3,9;0,4;3,5;1,5;0,6;0,2;0,433;0,385;0,857;95,25432;1,9304;"PG"
"Cody Martin";"CHA";26;10,5;3,5;5,5;1,6;3,9;1,2;1,7;0,6;0,482;0,384;0,701;92,98636;1,9812;"SF"
"Cody Zeller";"POR";29;14,2;2,2;12,7;5,1;7,6;1,9;0,8;0,6;0,567;0;0,776;108,86208;2,1082;"C"
"Cole Anthony";"ORL";22;18,6;6,5;6,1;0,6;5,5;3;0,8;0,3;0,391;0,338;0,854;83,91452;1,8796;"PG"
"Collin Sexton";"CLE";23;20;2,6;4,1;1,5;2,6;3,5;1,1;0;0,45;0,244;0,744;86,18248;1,905;"SG"
"Corey Kispert";"WAS";23;12,7;1,7;4,2;1,1;3,1;1;0,7;0,4;0,455;0,35;0,871;101,604608;1,9812;"SF"
"Cory Joseph";"DET";30;11,7;5,3;3,9;0,7;3,3;1,9;0,9;0,4;0,445;0,414;0,885;90,7184;1,8796;"PG"
"Craig Sword";"WAS";28;11,4;1,9;0;0;0;1,9;7,6;0;0,75;0;0;88,904032;1,905;"SG"
"D'Angelo Russell";"MIN";26;20,4;8;3,7;0,4;3,3;2,9;1,1;0,4;0,411;0,34;0,825;87,543256;1,905;"PG"
"D.J. Augustin";"LAL";34;12;4,4;2,8;0,4;2,3;2,3;0,7;0;0,423;0,415;0,884;83,007336;1,8034;"PG"
"D.J. Wilson";"TOR";26;20;3,3;10,7;0,7;10;1,3;3,3;0,7;0,733;0;0,8;104,779752;2,0828;"PF"
"DaQuan Jeffries";"MEM";24;8,2;4,1;8,2;0;8,2;0;0;0;0,5;0;0;100,697424;1,9558;"SG"
"Daishen Nix";"HOU";20;10,6;5,5;4,5;1;3,6;3,6;2,1;0;0,403;0,269;0,533;107,954896;1,9304;"SG"
"Dakota Mathias";"MEM";26;13,3;2,2;4,4;0;4,4;0;2,2;0;0,333;0,333;0;90,7184;1,9304;"SG"
"Dalano Banton";"TOR";22;10,6;5,1;6,4;2;4,5;2,7;1,4;0,5;0,411;0,255;0,591;92,079176;2,032;"PG"
"Damian Jones";"SAC";27;16,1;2,4;8,7;2,7;6,1;2,1;0,9;1,7;0,658;0,345;0,718;111,13004;2,0828;"C"
"Damian Lillard";"POR";31;23,7;7,2;4,1;0,4;3,6;2,8;0,6;0,4;0,402;0,324;0,878;90,7184;1,8796;"PG"
"Damion Lee";"GSW";29;13,4;1,8;5,8;0,8;5;1,1;1,1;0,2;0,441;0,337;0,88;95,25432;1,9812;"SG"
"Damyean Dotson";"NYK";28;7;1,8;3,5;0;3,5;0;0;0;0,5;0;0;95,25432;1,9558;"SG"
"Daniel Gafford";"WAS";23;16,9;1,7;10,1;3,9;6,3;1,6;0,7;2,5;0,693;0;0,699;120,20188;2,0828;"C"
"Daniel Oturu";"TOR";22;11,9;0;6,6;1,3;5,3;0;0;2,6;0,5;0;0,6;108,86208;2,032;"C"
"Daniel Theis";"BOS";30;14,1;1,5;8,4;2,2;6,2;1,7;0,7;1,1;0,519;0,308;0,681;111,13004;2,032;"C"
"Danilo Gallinari";"ATL";33;16,6;2,2;6,6;0,8;5,9;0,8;0,6;0,3;0,434;0,381;0,904;107,047712;2,0828;"PF"
"Danny Green";"PHI";35;9,7;1,7;4,2;0,9;3,3;1,2;1,6;1;0,394;0,38;0,786;97,52228;1,9812;"SF"
"Danuel House Jr.";"UTA";29;12,3;2,2;5,5;0,9;4,6;1,6;1;0,8;0,404;0,376;0,759;99,79024;1,9812;"SF"
"Darius Bazley";"OKC";22;13,9;1,8;8,2;1,3;6,8;1,7;1,1;1,3;0,422;0,297;0,688;97,975872;2,0574;"PF"
"Darius Garland";"CLE";22;21,8;8,6;3,3;0,6;2,7;3,7;1,3;0,1;0,462;0,383;0,892;87,089664;1,8542;"PG"
"Darren Collison";"LAL";34;3,9;1,9;3,9;0;3,9;1;1;0;0,286;0;0;72,57472;1,8288;"PG"
"David Duke Jr.";"BKN";22;11;1,8;7,1;3,2;3,9;0,9;1,5;0,7;0,361;0,243;0,81;92,532768;1,9304;"PG"
"David Johnson";"TOR";21;0;0;0;0;0;0;0;0;0;0;0;92,079176;1,9304;"SG"
"David Nwaba";"HOU";29;13,8;2,1;8,9;2,4;6,5;1,2;1,7;1,2;0,483;0,306;0,716;99,336648;1,9558;"SF"
"Davion Mitchell";"SAC";23;14,9;5,4;2,9;0,6;2,3;2;1;0,4;0,418;0,316;0,659;91,625584;1,8288;"PG"
"Davis Bertans";"DAL";29;13,9;1,4;5,2;0,5;4,7;0,8;0,8;0,5;0,36;0,335;0,9;102,0582;2,0828;"PF"
"Davon Reed";"DEN";27;11,3;2,9;5,8;0,8;5,1;0,9;1,3;0,5;0,503;0,43;0,667;93,439952;1,9558;"SG"
"Day'Ron Sharpe";"BKN";20;18,2;1,6;14,7;7,5;7,3;2,8;0,9;1,4;0,577;0,286;0,585;120,20188;2,0828;"PF"
"De'Aaron Fox";"SAC";24;23,6;5,7;4;0,4;3,6;2,9;1,2;0,4;0,473;0,297;0,75;83,91452;1,905;"PG"
"De'Andre Hunter";"ATL";24;16,2;1,6;4;0,6;3,4;1,6;0,8;0,5;0,442;0,379;0,765;100,243832;2,0066;"SF"
"De'Anthony Melton";"MEM";24;17,2;4,2;7,1;1,4;5,7;2,4;2,3;0,8;0,404;0,374;0,75;90,7184;1,8796;"SG"
"DeAndre Jordan";"PHI";33;11,9;1,2;15,3;4,8;10,5;2,1;0,7;2;0,643;0;0,55;120,20188;2,1082;"C"
"DeAndre' Bembry";"MIL";27;10;2,3;5,7;1,5;4,2;1,1;1,7;0,9;0,561;0,417;0,6;95,25432;1,9558;"SF"
"DeJon Jarreau";"IND";24;0;0;0;0;0;0;0;0;0;0;0;83,91452;1,9558;"SG"
"DeMar DeRozan";"CHI";32;27,8;4,9;5,1;0,7;4,4;2,4;0,9;0,3;0,504;0,352;0,877;99,79024;1,9812;"PF"
"DeMarcus Cousins";"DEN";31;21,6;3,6;13,6;3,7;9,8;4,3;1,8;1,1;0,46;0,303;0,76;122,46984;2,0828;"C"
"Dean Wade";"CLE";25;9,9;1,9;5,5;1,1;4,4;0,6;1,1;0,3;0,456;0,359;0,667;103,418976;2,0574;"PF"
"Deandre Ayton";"PHX";23;21;1,8;12,5;3,1;9,3;1,9;0,8;0,8;0,634;0,368;0,746;114,305184;2,1336;"C"
"Deividas Sirvydis";"DET";22;4,1;1,4;8,1;0;8,1;0;4,1;1,4;0,1;0,143;0;86,18248;2,032;"SG"
"Dejounte Murray";"SAS";25;21,9;9,5;8,6;1,2;7,3;2,7;2,1;0,3;0,462;0,327;0,794;81,64656;1,9304;"PG"
"Delon Wright";"ATL";30;8,5;4,7;5,5;1,2;4,2;1,1;2,3;0,5;0,454;0,379;0,857;83,91452;1,9558;"SG"
"Deni Avdija";"WAS";21;12,4;3;7,7;0,9;6,8;1,6;1,1;0,8;0,432;0,317;0,757;103,418976;2,032;"SF"
"Dennis Schröder";"HOU";28;17;5,8;4,2;0,7;3,5;2,8;1;0,2;0,431;0,344;0,853;79,3786;1,8542;"PG"
"Dennis Smith Jr.";"POR";24;11,6;7,4;5;1,1;3,8;2,9;2,5;0,7;0,418;0,222;0,656;92,98636;1,905;"PG"
"Denzel Valentine";"UTA";28;11,2;1,8;6,8;1,5;5,4;1,9;1,3;0;0,379;0,404;0;99,79024;1,9304;"SG"
"Derrick Favors";"OKC";30;11,4;1,4;10,2;3,2;7;0,5;0,9;0,7;0,516;0,125;0,64;120,20188;2,0574;"C"
"Derrick Jones Jr.";"CHI";25;11,4;1,2;6,8;2,4;4,4;1,2;1;1,3;0,538;0,328;0,8;95,25432;1,9812;"PF"
"Derrick Rose";"NYK";33;17,6;5,8;4,4;1,2;3,2;2,2;1,2;0,7;0,445;0,402;0,968;90,7184;1,905;"PG"
"Derrick Walton Jr.";"DET";27;6,3;7;3,3;0,7;2,7;3,7;2,3;1,3;0,231;0,231;1;83,91452;1,8288;"PG"
"Derrick White";"BOS";27;16,2;6;4,3;0,6;3,7;1,9;1;0,9;0,421;0,312;0,864;86,18248;1,9304;"SG"
"Desmond Bane";"MEM";24;22;3,3;5,3;0,7;4,6;1,8;1,5;0,5;0,461;0,436;0,903;97,52228;1,9812;"SG"
"Devin Booker";"PHX";25;28;5,1;5,3;0,7;4,6;2,5;1,2;0,4;0,466;0,383;0,868;93,439952;1,9558;"SG"
"Devin Cannady";"ORL";26;12,5;2,5;1,5;0,2;1,2;1,2;1,2;0,7;0,341;0,405;0,714;83,007336;1,8796;"PG"
"Devin Vassell";"SAS";21;16,2;2,5;5,7;0,8;4,9;1,1;1,4;0,8;0,427;0,361;0,838;90,7184;1,9558;"SF"
"Devon Dotson";"CHI";22;12,3;6,3;3,8;0,4;3,4;2,1;0,4;0;0,478;0,222;0,556;83,91452;1,8542;"PG"
"Devontae Cacok";"SAS";25;13,7;1,8;12,5;2,4;10,1;0,9;2,4;2,1;0,677;0;0,571;108,86208;2,0066;"PF"
"Devonte' Graham";"NOP";27;15;5,3;2,9;0,6;2,3;1,7;1,2;0,2;0,363;0,341;0,843;88,45044;1,8542;"PG"
"Dewayne Dedmon";"MIA";32;14,3;1,6;13;3,5;9,5;2,4;0,8;1,4;0,566;0,404;0,75;111,13004;2,0828;"C"
"Didi Louzada";"POR";22;9,7;1,4;4,7;1,4;3,3;1,4;0,6;0,6;0,364;0,391;1;85,275296;1,9558;"SF"
"Dillon Brooks";"MEM";26;24;3,6;4,1;1,2;3;2;1,5;0,3;0,432;0,309;0,849;102,0582;2,0066;"SF"
"Domantas Sabonis";"SAC";26;19,7;5,4;12,7;3,4;9,3;3,3;1;0,5;0,573;0,312;0,741;108,86208;2,0828;"PF"
"Donovan Mitchell";"UTA";25;27,5;5,7;4,5;0,9;3,6;3,2;1,6;0,2;0,448;0,355;0,853;97,52228;1,8796;"SG"
"Donte DiVincenzo";"SAC";25;13,6;4,2;6,1;1,4;4,7;2,6;1,7;0,3;0,351;0,339;0,843;92,079176;1,9304;"SG"
"Dorian Finney-Smith";"DAL";29;12;2;5,1;1,7;3,4;1,1;1,2;0,5;0,471;0,395;0,675;99,79024;2,0066;"PF"
"Doug McDermott";"SAS";30;17;1,9;3,4;0,5;2,9;1,3;0,4;0,2;0,462;0,422;0,784;102,0582;2,0066;"PF"
"Draymond Green";"GSW";32;9,4;8,7;9,1;1,2;7,9;3,8;1,7;1,4;0,525;0,296;0,659;104,32616;1,9812;"PF"
"Drew Eubanks";"POR";25;15,8;2,5;11;3,8;7,3;2,3;0,9;1,2;0,596;0,217;0,762;111,13004;2,0828;"C"
"Duane Washington Jr.";"IND";22;17,6;3,2;3,1;0,1;2,9;2,1;1;0,1;0,405;0,377;0,754;89,357624;1,8796;"PG"
"Duncan Robinson";"MIA";28;15,2;2,3;3,6;0,4;3,2;1,1;0,7;0,2;0,399;0,372;0,836;97,52228;2,0066;"SG"
"Dwight Howard";"LAL";36;13,8;1,3;13,2;4,4;8,8;1,7;1,3;1,3;0,612;0,533;0,658;120,20188;2,0828;"C"
"Dwight Powell";"DAL";30;14,4;1,9;8,1;3,5;4,6;1,3;0,7;0,8;0,671;0,351;0,783;108,86208;2,0828;"C"
"Dylan Windler";"CLE";25;8,6;2,7;7;1,6;5,3;1,3;1,1;0,2;0,378;0,3;0,833;88,904032;2,0066;"SF"
"Ed Davis";"CLE";33;5;1,3;11,4;2,5;8,9;0,9;0,5;1,6;0,688;0;0,429;98,883056;2,0574;"C"
"Elfrid Payton";"PHX";28;9,8;6,5;5,8;1,4;4,4;3,1;1,6;0,4;0,383;0,222;0,375;88,45044;1,905;"PG"
"Elijah Hughes";"POR";24;10,4;1,8;4,8;0,5;4,3;1,4;1,2;0,7;0,326;0,263;0,778;97,52228;1,9558;"SG"
"Emanuel Terry";"PHX";25;0;4;29,7;15,8;13,8;9,9;2;0;0;0;0;99,79024;2,0574;"PF"
"Emmanuel Mudiay";"SAC";26;9,8;13,1;0;0;0;3,3;3,3;0;0;0;0,75;90,7184;1,905;"PG"
"Enes Freedom";"BOS";30;11,2;0,7;14;5,3;8,7;1,8;0,4;1,2;0,526;0,4;0,857;113,398;2,0828;"C"
"Eric Bledsoe";"POR";32;14,1;6;4,8;0,7;4,1;3,1;1,8;0,5;0,421;0,313;0,761;97,068688;1,8542;"PG"
"Eric Gordon";"HOU";33;16,5;3,3;2,4;0,3;2,1;2,3;0,6;0,4;0,475;0,412;0,778;97,52228;1,905;"SG"
"Eric Paschall";"UTA";25;16,3;1,8;5,2;1,5;3,7;1,3;0,4;0,2;0,485;0,37;0,767;115,66596;1,9812;"PF"
"Eugene Omoruyi";"DAL";25;14,1;4;14,1;4;10,1;0;0;0;0,4;0,5;0,5;106,59412;1,9812;"SF"
"Evan Fournier";"NYK";29;17,2;2,6;3,2;0,5;2,7;1,6;1,2;0,3;0,417;0,389;0,708;92,98636;1,9812;"SG"
"Evan Mobley";"CLE";21;16;2,7;8,8;2,2;6,6;2,1;0,9;1,8;0,508;0,25;0,663;97,52228;2,1082;"PF"
"Facundo Campazzo";"DEN";31;10,1;6,7;3,6;0,7;2,9;2;1,9;0,7;0,361;0,301;0,769;88,45044;1,778;"PG"
"Feron Hunt";"NYK";22;0;4,3;4,3;4,3;0;4,3;4,3;0;0;0;0;88,45044;2,032;"SF"
"Frank Jackson";"DET";24;17,3;1,7;2,7;0,6;2,1;1,2;0,8;0,3;0,402;0,308;0,827;92,98636;1,905;"PG"
"Frank Kaminsky";"PHX";29;18,9;2,6;8,2;2,2;6;1;1,6;1,4;0,545;0,333;0,9;108,86208;2,1336;"C"
"Frank Ntilikina";"DAL";23;12,6;3,6;4,2;0,6;3,5;1,6;1,4;0,4;0,399;0,342;0,96;90,7184;1,9304;"SG"
"Franz Wagner";"ORL";20;17,7;3,4;5,3;1,2;4;1,8;1;0,5;0,468;0,354;0,863;99,79024;2,0828;"SF"
"Fred VanVleet";"TOR";28;19,3;6,3;4,2;0,6;3,6;2,5;1,6;0,5;0,403;0,377;0,874;89,357624;1,8288;"PG"
"Freddie Gillespie";"ORL";25;6,4;1,5;10,9;3,9;7;1,5;0,9;2,7;0,409;0;0,429;111,13004;2,0574;"PF"
"Furkan Korkmaz";"PHI";24;13;3,2;4,5;0,6;3,9;1,2;0,8;0,2;0,387;0,289;0,81;91,625584;2,0066;"SG"
"Gabe Vincent";"MIA";26;13,4;4,8;2,9;0,5;2,4;2,2;1,4;0,3;0,417;0,368;0,815;90,7184;1,8796;"PG"
"Gabe York";"IND";28;13,5;6,8;3,4;0;3,4;1,7;3,4;1,7;0,286;0,167;0,6;86,18248;1,905;"SG"
"Gabriel Deck";"OKC";27;11,7;3,2;3,9;0,6;3,2;1,3;0,6;0;0,571;0,5;0;104,779752;1,9812;"PF"
"Gabriel Lundberg";"PHX";27;10,6;9;5,7;1,6;4,1;2,4;2,4;0;0,263;0,375;0;92,079176;1,9304;"SG"
"Garrett Temple";"NOP";36;10,1;2,4;4,7;1;3,7;1,4;1,4;0,8;0,376;0,319;0,683;88,45044;1,9558;"SG"
"Garrison Mathews";"HOU";25;13,7;1,3;4;0,7;3,3;0,9;1,2;0,5;0,399;0,36;0,794;97,52228;1,9558;"SG"
"Gary Clark";"NOP";27;9,6;1,7;8,6;2,2;6,4;1;1,2;0,7;0,375;0,4;0,7;102,0582;1,9812;"PF"
"Gary Harris";"ORL";27;14,1;2,2;2,5;0,7;1,8;1,3;1,2;0,2;0,434;0,384;0,874;95,25432;1,9304;"SG"
"Gary Payton II";"GSW";29;14,5;1,8;7,1;2,1;5;1,2;2,8;0,6;0,616;0,358;0,603;88,45044;1,8796;"SG"
"Gary Trent Jr.";"TOR";23;18,9;2,1;2,8;0,4;2,4;1,1;1,8;0,3;0,414;0,383;0,853;92,532768;1,9558;"SG"
"George Hill";"MIL";36;9,6;3,4;4,5;1,1;3,4;1,2;1,2;0,2;0,429;0,306;0,919;85,275296;1,9304;"PG"
"George King";"DAL";28;1,9;0;9,4;0;9,4;1,9;0;0;0;0;0,5;99,79024;1,9812;"SF"
"Georges Niang";"PHI";29;14,5;2,1;4,2;0,5;3,7;1,2;0,6;0,3;0,437;0,403;0,881;104,32616;1,9812;"PF"
"Georgios Kalaitzakis";"OKC";23;14,5;2;3,5;1;2,5;3,4;1,9;0,3;0,463;0,385;0,467;87,089664;2,0066;"SF"
"Giannis Antetokounmpo";"MIL";27;32,7;6,3;12,7;2,2;10,5;3,6;1,2;1,5;0,553;0,293;0,722;110,222856;2,1082;"PF"
"Goga Bitadze";"IND";22;17,2;2,7;8,7;3,9;4,8;2,3;1;2,1;0,52;0,288;0,681;113,398;2,1082;"C"
"Goran Dragic";"BKN";36;11,4;6,2;4,7;0,9;3,8;2,5;1,4;0,3;0,377;0,254;0,818;86,18248;1,9304;"PG"
"Gordon Hayward";"CHA";32;17,9;4,1;5,2;0,9;4,3;1,9;1,1;0,5;0,459;0,391;0,846;102,0582;2,0066;"SF"
"Gorgui Dieng";"ATL";32;14,9;3,3;11,7;3,1;8,6;1,9;1,1;1,3;0,473;0,426;0,731;112,490816;2,0828;"C"
"Grant Williams";"BOS";23;11,6;1,5;5,3;1,2;4;1,2;0,7;1,1;0,475;0,411;0,905;107,047712;2,0066;"PF"
"Grayson Allen";"MIL";26;14,6;2;4,4;0,6;3,8;0,9;0,9;0,4;0,448;0,409;0,865;89,811216;1,905;"SG"
"Greg Brown III";"POR";20;12,7;2;7,6;2,1;5,5;2;1,5;1,4;0,426;0,311;0,677;93,439952;2,0066;"SF"
"Greg Monroe";"MIN";32;14;4,1;11,8;5,5;6,3;2,2;1,5;1,8;0,561;0;0,522;113,398;2,0828;"C"
"Hamidou Diallo";"DET";23;18;2,1;7,9;2;5,9;1,6;2;0,5;0,496;0,247;0,65;91,625584;1,9558;"SG"
"Harrison Barnes";"SAC";30;17,6;2,6;6;1,1;4,9;1,6;0,7;0,2;0,469;0,394;0,826;102,0582;2,0066;"PF"
"Hassan Whiteside";"UTA";33;16,5;0,8;15,3;5,1;10,2;1,6;0,7;3,2;0,652;0;0,623;120,20188;2,1336;"C"
"Hassani Gravett";"ORL";25;10,5;4,2;4,4;0,2;4,2;1,9;1,1;0,2;0,474;0,423;0,75;84,821704;1,8796;"PG"
"Haywood Highsmith";"MIA";25;9,5;1,3;5,7;2,2;3,5;0,7;0,4;0,7;0,348;0,321;0,4;99,79024;1,9558;"SF"
"Herbert Jones";"NOP";23;11,4;2,6;4,6;1,5;3,1;1,5;2;0,9;0,476;0,337;0,84;93,439952;2,0066;"PF"
"Ignas Brazdeikis";"ORL";23;14,1;2,5;4,8;1,5;3,3;1,1;0,7;0,2;0,431;0,31;0,656;100,243832;1,9812;"SF"
"Immanuel Quickley";"NYK";23;17,6;5,5;4,9;0,6;4,3;2;1,1;0,1;0,392;0,346;0,881;86,18248;1,8796;"PG"
"Isaac Bonga";"TOR";22;6,3;2,1;3,7;2,1;1,6;1;4,2;1;0,231;0,25;0,625;81,64656;2,032;"SF"
"Isaac Okoro";"CLE";21;10,7;2,2;3,7;1,3;2,3;1,1;1;0,4;0,48;0,35;0,768;102,0582;1,9304;"SF"
"Isaiah Hartenstein";"LAC";24;16,7;4,7;9,8;3,5;6,4;2,5;1,5;2,3;0,626;0,467;0,689;113,398;2,1336;"C"
"Isaiah Jackson";"IND";20;19,8;0,7;9,9;4;5,9;2,7;1,7;3,5;0,563;0,313;0,682;92,98636;2,032;"C"
"Isaiah Joe";"PHI";22;11,7;2,1;3,3;0,4;3;1,1;0,8;0,2;0,35;0,333;0,935;74,84268;1,9304;"SG"
"Isaiah Livers";"DET";23;11,4;2;5,4;1,4;3,9;1,4;1,2;0,7;0,456;0,422;0,857;105,233344;1,9812;"SF"
"Isaiah Roby";"OKC";24;17,2;2,7;8,2;2,8;5,4;1,6;1,4;1,3;0,514;0,444;0,672;104,32616;2,032;"PF"
"Isaiah Stewart";"DET";21;11,7;1,6;12,2;4,5;7,8;1,7;0,4;1,5;0,51;0,326;0,718;113,398;2,032;"C"
"Isaiah Thomas";"CHA";33;19,9;3,7;3,1;0,4;2,7;1,6;0,8;0,5;0,401;0,337;0,846;83,91452;1,7526;"PG"
"Isaiah Todd";"WAS";20;9,7;1,9;5,8;1,5;4,4;1,9;1,9;1;0,269;0,25;0,333;99,336648;2,0574;"PF"
"Ish Smith";"WAS";33;13,1;7,8;4,5;0,8;3,7;2,5;1,5;0,7;0,43;0,373;0,625;79,3786;1,8288;"PG"
"Ish Wainright";"PHX";27;10,8;1,5;5,4;2,7;2,7;1,3;2;0,6;0,394;0,322;0,583;113,398;1,9558;"PF"
"Ivica Zubac";"LAC";25;15,3;2,3;12,5;4,2;8,3;2,2;0,7;1,5;0,626;0;0,727;108,86208;2,1336;"C"
"JT Thor";"CHA";19;9,2;2,6;5,9;1,5;4,4;1,4;1,1;1,5;0,436;0,259;0,6;92,079176;2,0574;"PF"
"Ja Morant";"MEM";22;29,8;7,3;6,2;1,5;4,7;3,7;1,3;0,4;0,493;0,344;0,761;78,925008;1,8796;"PG"
"JaMychal Green";"DEN";32;14,3;2;9,3;2,7;6,6;1,9;1,4;0,9;0,486;0,266;0,871;102,965384;2,0574;"PF"
"JaQuori McLaughlin";"DAL";24;0;6,6;0;0;0;0;0;0;0;0;0;86,18248;1,9304;"PG"
"JaVale McGee";"PHX";34;20,9;1,3;15,2;5;10,2;3;0,7;2,5;0,629;0,222;0,699;122,46984;2,1336;"C"
"Jabari Parker";"BOS";27;17;1,9;9;1,6;7,4;2,6;1,3;0,3;0,474;0,5;1;111,13004;2,0066;"PF"
"Jaden McDaniels";"MIN";21;12,9;1,6;5,9;1,5;4,3;1,5;1;1,1;0,46;0,317;0,803;83,91452;2,0574;"PF"
"Jaden Springer";"PHI";19;12,8;0;12,8;6,4;6,4;6,4;0;12,8;1;0;0;91,625584;1,9304;"SG"
"Jae Crowder";"PHX";31;12,1;2,4;6,8;0,6;6,2;1;1,8;0,6;0,399;0,348;0,789;106,59412;1,9812;"PF"
"Jae'Sean Tate";"HOU";26;16,1;3,9;7,4;2,4;5;2,4;1,3;0,7;0,498;0,312;0,707;104,32616;1,9304;"PF"
"Jahmi'us Ramsey";"SAC";21;16,1;1,9;3,5;1,1;2,4;1,3;0,3;0,3;0,414;0,278;0,5;86,18248;1,905;"SG"
"Jaime Echenique";"WAS";25;0;0;0;0;0;0;0;0;0;0;0;117,026736;2,0828;"C"
"Jake Layman";"MIN";28;12,6;1,4;5,6;0,9;4,7;1,6;1,1;0,8;0,411;0,229;0,722;94,800728;2,032;"SF"
"Jakob Poeltl";"SAS";26;16,7;3,5;11,6;4,8;6,8;2;0,8;2,2;0,618;1;0,495;114,758776;2,1336;"C"
"Jalen Brunson";"DAL";25;18,3;5,4;4,4;0,6;3,8;1,8;0,9;0;0,502;0,373;0,84;86,18248;1,8796;"SG"
"Jalen Green";"HOU";20;19,5;3;3,8;0,6;3,3;2,3;0,7;0,3;0,426;0,343;0,797;84,368112;1,9304;"SG"
"Jalen Johnson";"ATL";20;15,5;0,9;7,8;0,6;7,2;2,7;0,9;0,6;0,537;0,231;0,714;99,336648;2,032;"PF"
"Jalen McDaniels";"CHA";24;13,7;2,3;6,8;1,5;5,3;1,4;1;0,9;0,484;0,38;0,736;86,18248;2,0574;"SF"
"Jalen Smith";"IND";22;18,3;0,9;12;3,9;8;1,6;0,6;1,6;0,503;0,328;0,765;110,676448;2,032;"PF"
"Jalen Suggs";"ORL";21;15,5;5,8;4,7;0,7;4;3,9;1,6;0,5;0,361;0,214;0,773;92,98636;1,9558;"PG"
"James Bouknight";"CHA";21;16,8;3,1;6,1;2,6;3,5;1,8;0,8;0,1;0,348;0,347;0,871;86,18248;1,9304;"SG"
"James Ennis III";"DEN";31;18,8;1,9;7,8;3,2;4,5;1,3;1,3;1,3;0,458;0,375;0,8;97,52228;1,9812;"SF"
"James Harden";"PHI";32;21,3;9,9;7,4;0,8;6,6;4,2;1,2;0,5;0,41;0,33;0,877;99,79024;1,9558;"PG"
"James Johnson";"BKN";35;10,3;3,9;6,5;1,5;5;1,5;0,9;1;0,469;0,271;0,527;108,86208;2,0066;"PF"
"Jamorko Pickett";"DET";24;10,2;1,4;6,5;1,2;5,3;1;0;1,4;0,36;0,333;0,5;93,439952;2,0574;"PF"
"Jared Butler";"UTA";21;16,1;6,3;4,5;0,5;4;3,3;1,7;0,8;0,404;0,318;0,688;87,543256;1,905;"SG"
"Jared Harper";"NOP";24;31,1;11,8;1,7;1,7;0;1,7;3,4;0,8;0,538;0,417;1;79,3786;1,778;"PG"
"Jaren Jackson Jr.";"MEM";22;21,5;1,5;7,7;2;5,7;2,2;1,2;3;0,415;0,319;0,823;109,769264;2,0828;"PF"
"Jarred Vanderbilt";"MIN";23;9,8;1,8;11,9;4,1;7,8;1,4;1,9;0,9;0,587;0,143;0,656;97,068688;2,032;"PF"
"Jarrett Allen";"CLE";24;18;1,8;12;3,8;8,2;1,9;0,9;1,5;0,677;0,1;0,708;110,222856;2,0574;"C"
"Jarrett Culver";"MEM";23;13,8;3,5;5,1;1,4;3,7;2,1;2,1;0,5;0,378;0,255;0,471;88,45044;1,9812;"SG"
"Jarron Cumberland";"POR";24;5,8;2,9;8,8;2,9;5,8;0;0;0;0,5;0;0;92,98636;1,9558;"SG"
"Javin DeLaurier";"MIL";24;0;0;12,9;0;12,9;0;12,9;0;0;0;0;106,140528;2,0828;"C"
"Javonte Green";"CHI";28;11,1;1,4;6,5;2,2;4,4;0,7;1,6;0,8;0,542;0,356;0,833;92,98636;1,9558;"SF"
"Javonte Smart";"MIA";23;9,2;2,9;4,3;0,9;3,4;2;1,1;0,5;0,317;0,296;0,833;92,98636;1,9304;"PG"
"Jaxson Hayes";"NOP";22;16,8;1,1;8,1;3;5,2;1,4;0,9;1,4;0,616;0,351;0,766;99,79024;2,1336;"C"
"Jay Huff";"LAL";24;0;1,8;7,1;1,8;5,3;1,8;1,8;1,8;0;0;0;108,86208;2,159;"C"
"Jay Scrubb";"LAC";21;14,5;2,4;4,7;0,6;4,2;2,1;1,2;0,9;0,391;0,286;0,7;99,79024;1,9558;"SG"
"Jaylen Brown";"BOS";25;25,3;3,7;6,6;0,9;5,7;2,9;1,1;0,3;0,473;0,358;0,758;101,151016;1,9812;"SF"
"Jaylen Hoard";"OKC";23;15,5;2,6;12,6;4,5;8,1;1,2;0,9;0,8;0,489;0,36;0,429;97,975872;2,032;"SF"
"Jaylen Morris";"SAS";26;4,5;4,5;4,5;0;4,5;2,2;0;0;0;0;0,5;83,91452;1,9558;"SG"
"Jaylen Nowell";"MIN";22;19,5;4,8;4,5;0,8;3,7;1,3;1;0,4;0,475;0,394;0,783;91,171992;1,9304;"SG"
"Jaysean Paige";"DET";27;0;5,4;5,4;0;5,4;5,4;0;0;0;0;0;90,7184;1,8796;"PG"
"Jayson Tatum";"BOS";24;27;4,4;8;1,1;6,9;2,9;1;0,6;0,453;0,353;0,853;95,25432;2,032;"SF"
"Jeff Dowtin Jr.";"ORL";25;6,3;3,3;6;2,7;3,3;1,7;1,7;0,3;0,308;0,111;1;80,285784;1,905;"PG"
"Jeff Green";"DEN";35;15;1,9;4,5;0,8;3,7;1,4;0,5;0,5;0,524;0,315;0,833;106,59412;2,032;"PF"
"Jemerrio Jones";"LAL";27;9,8;0;7,3;4,9;2,4;0;2,4;0;0,667;0;0;79,3786;1,9558;"SF"
"Jerami Grant";"DET";28;21,7;2,7;4,6;0,7;3,9;2;1,1;1,2;0,426;0,358;0,838;96,615096;2,0066;"PF"
"Jeremiah Robinson-Earl";"OKC";21;12,1;1,6;9,1;2,5;6,6;1,3;1;0,5;0,414;0,352;0,741;108,86208;2,0574;"C"
"Jeremy Lamb";"SAC";30;15,8;3,1;5,9;1;4,9;1,4;1,2;0,8;0,383;0,324;0,84;81,64656;1,9558;"SF"
"Jericho Sims";"NYK";23;5,8;1,4;11;4;7;1,3;0,7;1,4;0,722;0;0,414;113,398;2,0828;"PF"
"Jevon Carter";"MIL";26;11;3,8;4,4;0,6;3,8;1,4;1;0,6;0,387;0,388;0,833;86,18248;1,8288;"PG"
"Jimmy Butler III";"MIA";32;22,7;5,8;6,3;1,9;4,4;2,3;1,8;0,5;0,48;0,233;0,87;104,32616;1,9812;"SF"
"Jock Landale";"SAS";26;16,2;2,8;8,4;3,9;4,6;1,9;0,6;0,9;0,495;0,326;0,829;115,66596;2,1082;"C"
"Joe Harris";"BKN";30;13,5;1,2;4,8;0,4;4,3;1,4;0,6;0,2;0,452;0,466;0,833;99,79024;1,9812;"SF"
"Joe Ingles";"POR";34;10,4;5,1;4,2;0,4;3,8;1,5;0,7;0,2;0,404;0,347;0,773;99,79024;2,032;"SF"
"Joe Johnson";"BOS";41;36,9;0;0;0;0;0;0;0;1;0;0;108,86208;2,0066;"SG"
"Joe Wieskamp";"SAS";22;10,7;1,6;2,5;0,7;1,8;0,4;0,7;0,5;0,357;0,326;0,538;92,98636;1,9812;"SG"
"Joel Ayayi";"WAS";22;3,6;7,1;5,3;1,8;3,6;0;0;0;0,167;0;0;81,64656;1,9304;"SG"
"Joel Embiid";"PHI";28;32,6;4,5;12,5;2,3;10,2;3,4;1,2;1,6;0,499;0,371;0,814;127,00576;2,1336;"C"
"John Collins";"ATL";24;19;2,1;9,1;2;7,1;1,3;0,7;1,2;0,526;0,364;0,793;102,511792;2,0574;"PF"
"John Konchar";"MEM";26;9,7;3;9,2;2,4;6,7;0,8;1,3;0,6;0,515;0,413;0,551;95,25432;1,9558;"SG"
"Jon Teske";"MEM";25;0;4,7;9,3;0;9,3;0;4,7;0;0;0;0;120,20188;2,159;"C"
"Jonas Valančiūnas";"NOP";30;21,1;3,1;13,5;3,6;9,9;2,9;0,7;1;0,544;0,361;0,82;120,20188;2,1082;"C"
"Jonathan Kuminga";"GSW";19;19,8;1,9;7,1;1,6;5,5;2,2;0,9;0,7;0,513;0,336;0,684;102,0582;2,0066;"SF"
"Jordan Bell";"CHI";27;0;0;17,9;17,9;0;0;17,9;0;0;0;0;97,975872;2,0066;"C"
"Jordan Clarkson";"UTA";30;21,3;3,3;4,6;1,1;3,5;2,2;1,1;0,3;0,419;0,318;0,828;87,996848;1,9558;"SG"
"Jordan Goodwin";"WAS";23;0;0;6,1;0;6,1;0;0;0;0;0;0;97,52228;1,905;"SG"
"Jordan McLaughlin";"MIN";26;9,3;7,2;3,8;0,9;2,9;1,5;2,3;0,4;0,44;0,318;0,75;83,91452;1,8034;"PG"
"Jordan Nwora";"MIL";23;14,8;1,8;6,7;1,1;5,6;1,7;0,8;0,5;0,403;0,348;0,837;102,0582;2,032;"SF"
"Jordan Poole";"GSW";23;22,2;4,8;4,1;0,5;3,6;2,9;0,9;0,4;0,448;0,364;0,925;87,996848;1,9304;"SG"
"Jordan Schakel";"WAS";24;5,9;0;9,5;2,4;7,1;1,2;1,2;0;0,091;0,167;1;90,7184;1,9812;"SG"
"Jose Alvarado";"NOP";24;14,2;6,6;4,3;1,1;3,2;1,7;3,1;0,3;0,446;0,291;0,679;81,192968;1,8288;"PG"
"Josh Christopher";"HOU";20;15,8;4;5;1,4;3,6;3,1;1,8;0,4;0,448;0,296;0,735;97,52228;1,9304;"SG"
"Josh Giddey";"OKC";19;14,3;7,3;8,9;2,1;6,8;3,6;1,1;0,4;0,419;0,263;0,709;97,068688;2,0066;"SF"
"Josh Green";"DAL";21;11,1;2,7;5,6;1,8;3,8;1,5;1,6;0,5;0,508;0,359;0,689;90,7184;1,9812;"SG"
"Josh Hart";"POR";27;16,2;4,5;7,8;1,2;6,6;2,3;1,2;0,3;0,504;0,343;0,758;97,52228;1,9558;"SG"
"Josh Jackson";"SAC";25;14,2;2,3;6,1;0,9;5,2;2;1,1;1;0,4;0,254;0,714;93,893544;2,032;"SF"
"Josh Okogie";"MIN";23;9,3;1,7;4,9;2;2,9;1,6;1,8;0,8;0,404;0,298;0,686;96,615096;1,9304;"SG"
"Josh Richardson";"SAS";28;15;2,6;4,2;0,9;3,2;1,5;1,3;0,7;0,438;0,415;0,889;90,7184;1,9558;"SG"
"Joshua Primo";"SAS";19;10,7;3;4,2;1,2;3;2,1;0,7;0,9;0,374;0,307;0,746;85,728888;1,9304;"SF"
"Jrue Holiday";"MIL";32;20;7,5;4,9;1,1;3,8;3;1,8;0,5;0,501;0,411;0,761;99,79024;1,9304;"PG"
"Juan Toscano-Anderson";"GSW";29;10,8;4,6;6,4;1;5,4;2,5;1,7;0,6;0,489;0,322;0,571;94,800728;1,9812;"SF"
"Juancho Hernangomez";"UTA";26;10,6;1,6;8,1;2,3;5,8;1,3;1,1;0,8;0,415;0,348;0,559;97,068688;2,0574;"PF"
"Julius Randle";"NYK";27;20,5;5,2;10,1;1,8;8,4;3,5;0,8;0,6;0,411;0,308;0,756;113,398;2,0574;"PF"
"Justin Anderson";"IND";28;11,6;3,8;5,2;0,5;4,8;0,9;0,9;0,7;0,379;0,254;0,789;104,779752;1,9558;"SF"
"Justin Champagnie";"TOR";21;10,4;1,4;9,2;4,7;4,5;1;1;0,5;0,463;0,357;1;93,439952;1,9812;"SF"
"Justin Holiday";"SAC";33;13,1;2,2;3,3;0,5;2,8;1,2;1;0,6;0,394;0,367;0,806;81,64656;1,9812;"SF"
"Justin Jackson";"PHX";27;14,8;2;6,9;1;5,9;1;0;0;0,333;0,333;1;99,79024;2,032;"SF"
"Justin Robinson";"DET";24;9,2;3,8;2,5;0,5;2;2;1,1;0,1;0,301;0,295;0,5;88,45044;1,8542;"PG"
"Justise Winslow";"POR";26;12,7;3,9;9,4;2,3;7,1;2,3;1,6;1,2;0,428;0,227;0,591;100,697424;1,9812;"PF"
"Jusuf Nurkić";"POR";27;19,2;3,6;14,1;3,8;10,3;3,3;1,4;0,8;0,535;0,268;0,69;131,54168;2,1082;"C"
"Juwan Morgan";"BOS";25;5,8;1,2;4,7;2,3;2,3;0;0;0;0,667;0,5;0;105,233344;2,0066;"PF"
"KJ Martin";"HOU";21;15,1;2,2;6,5;1,7;4,7;1,3;0,7;0,9;0,533;0,357;0,634;97,52228;1,9812;"SF"
"KZ Okpala";"MIA";23;11,4;2,1;6;1,6;4,4;0,7;0,6;1;0,435;0,346;0,727;97,52228;2,032;"PF"
"Kai Jones";"CHA";21;12,6;2,3;6,3;1,7;4,6;3,4;0,6;1,1;0,643;0,5;0,375;100,243832;2,1082;"C"
"Karl-Anthony Towns";"MIN";26;26,4;3,9;10,6;2,8;7,8;3,3;1;1,2;0,529;0,41;0,822;112,490816;2,1336;"C"
"Keifer Sykes";"IND";28;11,4;3,9;2,9;0,5;2,4;2,1;0,8;0,3;0,363;0,3;0,882;75,749864;1,8034;"PG"
"Keita Bates-Diop";"SAS";26;12,6;1,5;8,7;2,3;6,4;1,7;1;0,5;0,517;0,309;0,754;103,872568;2,032;"SF"
"Kelan Martin";"BOS";26;13,7;1,7;4,4;1,4;3;1,1;1;0,7;0,409;0,293;0,692;104,32616;1,9558;"SF"
"Keldon Johnson";"SAS";22;19,2;2,4;6,9;1,2;5,7;1,4;0,9;0,2;0,466;0,398;0,756;99,79024;1,9812;"SF"
"Keljin Blevins";"POR";26;9,8;2;4,6;1,6;3;1,8;1,3;0,1;0,306;0,292;0,545;90,7184;1,9304;"SF"
"Kelly Olynyk";"DET";31;17,2;5,2;8,3;2,5;5,8;2,7;1,5;0,9;0,448;0,336;0,775;108,86208;2,1336;"C"
"Kelly Oubre Jr.";"CHA";26;20,5;1,5;5,4;1,4;4;1,2;1,4;0,6;0,44;0,345;0,667;92,079176;2,032;"SF"
"Kemba Walker";"NYK";32;16,4;5;4,2;0,5;3,7;1,8;1;0,3;0,403;0,367;0,845;83,460928;1,8288;"PG"
"Kenrich Williams";"OKC";27;12,2;3,6;7,4;2,5;4,9;1,5;1,5;0,3;0,461;0,339;0,545;95,25432;2,0066;"SF"
"Kent Bazemore";"LAL";32;8,7;2,2;4,6;0,9;3,7;1,4;1,7;0,6;0,324;0,363;0,765;88,45044;1,9304;"SF"
"Kentavious Caldwell-Pope";"WAS";29;15,7;2,2;4;0,6;3,4;1,5;1,3;0,4;0,435;0,39;0,89;92,532768;1,9558;"SG"
"Keon Johnson";"POR";20;13,8;3,9;4,2;1,2;2,9;2,4;1,4;0,6;0,353;0,34;0,804;83,91452;1,9558;"SG"
"Kessler Edwards";"BKN";21;10,4;1,1;6,3;1,6;4,7;1,5;1,1;0,9;0,412;0,353;0,842;92,079176;2,0066;"SF"
"Kevin Durant";"BKN";33;28,9;6,2;7,2;0,5;6,6;3,4;0,8;0,9;0,518;0,383;0,91;108,86208;2,1082;"PF"
"Kevin Huerter";"ATL";23;14,7;3,3;4,2;0,5;3,7;1,5;0,9;0,4;0,454;0,389;0,808;86,18248;1,9812;"SF"
"Kevin Knox II";"ATL";22;15;1,6;7,1;2,3;4,9;1,1;0,6;0,3;0,365;0,278;0,727;97,52228;2,032;"SF"
"Kevin Love";"CLE";33;21,8;3,5;11,6;1,9;9,7;2,1;0,6;0,4;0,43;0,392;0,838;113,851592;2,0828;"C"
"Kevin Pangos";"CLE";29;8,5;6,5;2,4;0,4;2;1,5;0,7;0;0,326;0,231;0,75;81,192968;1,8542;"PG"
"Kevin Porter Jr.";"HOU";22;17,9;7,1;5;0,8;4,2;3,6;1,3;0,4;0,415;0,375;0,642;92,079176;1,9558;"PG"
"Kevon Looney";"GSW";26;10,2;3,4;12,4;4,3;8,1;1,4;1;1,1;0,571;0;0,6;100,697424;2,0574;"C"
"Khem Birch";"TOR";29;9;2;8,7;4,4;4,2;1,1;1,1;0,9;0,485;0;0,746;105,686936;2,032;"C"
"Khris Middleton";"MIL";30;22,3;6;6;0,7;5,3;3,2;1,3;0,3;0,443;0,373;0,89;100,697424;2,0066;"SF"
"Killian Hayes";"DET";20;9,9;6,1;4,6;0,8;3,8;2,4;1,7;0,8;0,383;0,263;0,77;88,45044;1,9558;"PG"
"Killian Tillie";"MEM";24;9,2;1,7;4,7;1,6;3;1;1,8;1,2;0,339;0,314;0,625;99,79024;2,0574;"C"
"Kira Lewis Jr.";"NOP";21;14,9;5,2;4,1;0,9;3,2;2,7;1,2;0,1;0,404;0,224;0,833;77,11064;1,8542;"PG"
"Klay Thompson";"GSW";32;24,9;3,4;4,8;0,6;4,2;1,6;0,6;0,7;0,429;0,385;0,902;99,79024;1,9558;"SG"
"Kris Dunn";"POR";28;11,3;8,5;5,2;1;4,3;3,4;2,5;0,3;0,431;0,091;0,944;92,98636;1,905;"PG"
"Kristaps Porziņģis";"WAS";26;25;2,9;10;2,5;7,5;2;0,9;2;0,459;0,31;0,867;108,86208;2,1844;"PF"
"Kyle Anderson";"MEM";28;12,6;4,4;8,9;1,7;7,3;1,7;1,9;1,1;0,446;0,33;0,638;104,32616;2,032;"PF"
"Kyle Guy";"MIA";24;14,3;3,3;3,3;0,8;2,5;2,5;1,4;0,2;0,4;0,35;0,667;75,749864;1,8542;"SG"
"Kyle Kuzma";"WAS";26;18,5;3,8;9,2;1,1;8;2,8;0,7;0,9;0,452;0,341;0,712;100,243832;2,032;"PF"
"Kyle Lowry";"MIA";36;14,2;8;4,8;0,6;4,2;2,8;1,1;0,3;0,44;0,377;0,851;88,904032;1,8288;"PG"
"Kyrie Irving";"BKN";30;26,3;5,5;4,2;0,5;3,7;2,4;1,4;0,6;0,469;0,418;0,915;88,45044;1,8796;"PG"
"LaMarcus Aldridge";"BKN";36;20,8;1,4;8,8;2,5;6,3;1,5;0,5;1,6;0,55;0,304;0,873;113,398;2,1082;"C"
"LaMelo Ball";"CHA";20;22,4;8,5;7,4;1,6;5,8;3,6;1,8;0,4;0,429;0,389;0,872;81,64656;2,0066;"PG"
"Lamar Stevens";"CLE";24;13,6;1,6;5,8;1,7;4,2;1,5;1,1;0,6;0,489;0,277;0,707;104,32616;2,0066;"PF"
"Lance Stephenson";"IND";31;17;7,3;5,6;0,5;5,1;3,2;1,1;0,2;0,455;0,3;0,788;95,25432;1,9558;"SG"
"Landry Shamet";"PHX";25;14,4;2,7;3,2;0,4;2,8;1;0,7;0,2;0,394;0,368;0,84;86,18248;1,9558;"SG"
"Langston Galloway";"MIL";30;4,7;4;6,1;1;5,1;2;0,3;0;0,231;0,125;0;90,7184;1,8542;"SG"
"Larry Nance Jr.";"NOP";29;11,1;2,8;8,6;2,5;6,1;1,3;1,5;0,7;0,522;0,329;0,702;111,13004;1,9812;"PF"
"Lauri Markkanen";"CLE";25;17,3;1,6;6,6;1,1;5,5;1;0,9;0,6;0,445;0,358;0,868;108,86208;2,159;"SF"
"LeBron James";"LAL";37;29,3;6;7,9;1,1;6,8;3,4;1,3;1;0,524;0,359;0,756;113,398;2,0574;"C"
"Leandro Bolmaro";"MIN";21;7,5;3,1;6,4;2,4;4;1,9;0,9;0;0,315;0,278;0,846;90,7184;1,9812;"SF"
"Lindell Wigginton";"MIL";24;14,5;4,2;4,5;0,5;4;2,2;0,9;0,2;0,426;0,346;0,543;85,728888;1,8542;"PG"
"Lindy Waters III";"OKC";24;15,4;1,9;5,6;0,5;5,2;0,9;1,5;0,6;0,406;0,363;0,8;95,25432;1,9558;"SG"
"Lonnie Walker IV";"SAS";23;19;3,4;4;0,4;3,6;1,6;1;0,4;0,407;0,314;0,784;92,532768;1,9304;"SG"
"Lonzo Ball";"CHI";24;13,5;5,3;5,6;1;4,6;2,4;1,9;0,9;0,423;0,423;0,75;86,18248;1,9558;"PG"
"Lou Williams";"ATL";35;16;4,7;3,9;0,7;3,2;1,9;1,3;0,1;0,391;0,363;0,859;79,3786;1,8796;"PG"
"Louis King";"SAC";23;15,6;3,1;4,2;0;4,2;0;0,7;0,3;0,319;0,296;0,7;92,98636;2,0066;"SF"
"Luguentz Dort";"OKC";23;19;1,9;4,6;0,8;3,8;1,9;1;0,4;0,404;0,332;0,843;99,79024;1,9304;"SG"
"Luka Dončić";"DAL";23;28,9;8,9;9,3;0,9;8,4;4,6;1,2;0,6;0,457;0,353;0,744;104,32616;2,032;"PG"
"Luka Garza";"DET";23;17,2;1,9;9,3;5,4;3,9;1,7;0,8;0,6;0,449;0,327;0,623;110,222856;2,0828;"C"
"Luke Kennard";"LAC";26;15,6;2,7;4,3;0,4;3,9;1,1;0,8;0,1;0,449;0,449;0,896;93,439952;1,9558;"SG"
"Luke Kornet";"BOS";26;10,5;3,1;10,1;4,5;5,6;0;1;1;0,481;0;0,667;113,398;2,159;"C"
"MJ Walker";"PHX";24;0;4,3;4,3;0;4,3;0;8,6;0;0;0;0;96,615096;1,9558;"SG"
"Mac McClung";"LAL";23;11,8;1,5;4,4;0;4,4;4,4;1,5;1,5;0,5;0,333;1;83,91452;1,8796;"SG"
"Malachi Flynn";"TOR";24;12,7;4,7;4,2;0,7;3,6;0,9;1,3;0,3;0,393;0,333;0,625;83,91452;1,8542;"PG"
"Malcolm Brogdon";"IND";29;20,5;6,3;5,5;1;4,5;2,3;0,9;0,4;0,448;0,312;0,856;103,872568;1,9304;"PG"
"Malcolm Hill";"CHI";26;12,2;1,4;5,9;1,9;4,1;0,5;1,2;0,5;0,462;0,361;0,786;99,79024;1,9812;"SG"
"Malik Beasley";"MIN";25;17,4;2,1;4,1;0,5;3,7;0,8;0,8;0,2;0,391;0,377;0,817;84,821704;1,9304;"SG"
"Malik Fitts";"BOS";24;12;2,9;9,8;1,1;8,6;1,1;0;0;0,421;0,5;0;104,32616;1,9558;"PF"
"Malik Monk";"LAL";24;17,6;3,7;4,3;0,6;3,7;2,1;1;0,5;0,473;0,391;0,795;90,7184;1,905;"SG"
"Malik Newman";"CLE";25;37,5;4,7;4,7;0;4,7;4,7;0;0;0,6;0;1;86,18248;1,905;"PG"
"Mamadi Diakite";"OKC";25;10,7;0,4;11,3;3,3;8,1;1,3;1;1,7;0,532;0;0,545;103,418976;2,0574;"PF"
"Marcus Garrett";"MIA";23;3,6;2;6,5;2,5;3,9;0,6;1,4;0,8;0,238;0,25;0,4;92,98636;1,9558;"SG"
"Marcus Morris Sr.";"LAC";32;19,1;2,6;5,5;0,6;4,9;1,6;0,6;0,4;0,434;0,367;0,872;98,883056;2,032;"PF"
"Marcus Smart";"BOS";28;13,5;6,5;4,2;0,7;3,6;2,5;1,9;0,3;0,418;0,331;0,793;99,79024;1,905;"PG"
"Markelle Fultz";"ORL";24;19,5;9,9;4,9;0,4;4,5;4;2;0,5;0,474;0,235;0,806;94,800728;1,9304;"PG"
"Markieff Morris";"MIA";32;15,6;2,8;5,4;2,1;3,4;2,4;0,7;0,1;0,474;0,333;0,889;111,13004;2,0574;"PF"
"Marko Simonovic";"CHI";22;17,4;0;10,2;5,1;5,1;2;1;1;0,267;0,2;0,727;99,79024;2,1336;"C"
"Markus Howard";"DEN";23;25,7;1,4;2,4;0,4;2;1,4;1,8;0;0,386;0,4;0,87;79,3786;1,778;"SG"
"Marquese Chriss";"DAL";24;16;1,8;10,7;3,4;7,3;1,8;1,4;1,2;0,463;0,32;0,667;108,86208;2,0574;"PF"
"Marvin Bagley III";"DET";23;17;1,1;10,6;3,3;7,3;1,2;0,7;0,6;0,504;0,237;0,663;106,59412;2,0828;"PF"
"Mason Jones";"LAL";23;19,2;2,8;7,1;0,7;6,4;0,7;1,4;0;0,467;0,25;0,8;90,7184;1,9304;"SG"
"Mason Plumlee";"CHA";32;9,6;4,5;11,3;3,5;7,8;2;1,2;1;0,641;0;0,392;115,212368;2,1336;"C"
"Matisse Thybulle";"PHI";25;8,1;1,6;3,2;0,9;2,3;0,8;2,5;1,5;0,5;0,313;0,791;91,625584;1,9558;"SG"
"Matt Mooney";"NYK";27;0;0;0;0;0;18,6;18,6;0;0;0;0;90,264808;1,8796;"SG"
"Matt Ryan";"BOS";25;20,6;0;0;0;0;0;6,9;0;0,2;0,2;0;97,52228;1,9812;"SF"
"Matt Thomas";"CHI";27;12,6;1,6;3,9;0,2;3,7;0,6;0,6;0,2;0,41;0,385;0,8;86,18248;1,905;"SG"
"Maurice Harkless";"SAC";29;9;1;4,7;0,5;4,2;1,3;1,2;1;0,459;0,307;0,714;99,79024;2,0066;"SF"
"Max Strus";"MIA";26;16,4;2,1;4,6;0,5;4;1,3;0,6;0,4;0,441;0,41;0,792;97,52228;1,9558;"SF"
"Maxi Kleber";"DAL";30;10,2;1,7;8,7;1,7;7;1,2;0,7;1,4;0,398;0,325;0,708;108,86208;2,0828;"PF"
"McKinley Wright IV";"MIN";23;9,5;5,7;0;0;0;1,9;0;0;0,667;0,5;0;87,089664;1,8034;"PG"
"Melvin Frazier Jr.";"OKC";25;9,6;0,3;3,9;1,5;2,4;0,9;0,3;0;0,271;0,048;0,714;97,52228;1,9558;"SG"
"Micah Potter";"DET";24;14;0;10,5;4,7;5,8;1,2;1,2;1,2;0,455;0;1;112,490816;2,0574;"C"
"Michael Porter Jr.";"DEN";24;12,1;2,3;8;1,2;6,8;1,6;1,4;0,3;0,359;0,208;0,556;98,883056;2,0828;"SF"
"Mikal Bridges";"PHX";25;14,7;2,3;4,4;0,9;3,4;0,9;1,2;0,5;0,534;0,369;0,834;94,800728;1,9812;"SF"
"Mike Conley";"UTA";34;17,2;6,7;3,8;0,8;3;2,2;1,7;0,4;0,435;0,408;0,796;79,3786;1,8542;"PG"
"Mike Muscala";"OKC";30;20,9;1,3;7,8;1,3;6,6;0,9;1,1;1,6;0,456;0,429;0,842;108,86208;2,0828;"C"
"Miles Bridges";"CHA";24;20,5;3,8;7,1;1,1;6;1,9;0,9;0,9;0,491;0,331;0,802;102,0582;2,0066;"PF"
"Miles McBride";"NYK";21;8,6;4;4,1;0,4;3,7;0,5;1,4;0,1;0,296;0,25;0,667;88,45044;1,8796;"PG"
"Mitchell Robinson";"NYK";24;11,9;0,7;12;5,7;6,3;1,2;1,1;2,6;0,761;0;0,486;108,86208;2,1336;"C"
"Miye Oni";"UTA";24;4,1;4,1;5,7;0,8;4,9;0,8;0;0;0,222;0,125;0;93,439952;1,9558;"SG"
"Mo Bamba";"ORL";24;14,9;1,7;11,3;2,9;8,4;1,5;0,8;2,3;0,48;0,381;0,781;104,779752;2,1336;"C"
"Monte Morris";"DEN";27;15,2;5,4;3,6;0,4;3,2;1,3;0,9;0,2;0,484;0,395;0,869;83,007336;1,8796;"PG"
"Montrezl Harrell";"CHA";28;20,5;3,2;9,5;3,3;6,2;1,6;0,6;0,9;0,645;0,235;0,716;108,86208;2,0066;"C"
"Moritz Wagner";"ORL";25;21,2;3,3;8,7;1,6;7,1;2,1;0,8;0,5;0,497;0,328;0,806;111,13004;2,1082;"C"
"Moses Brown";"CLE";22;17,9;0,1;14,1;4,1;10;2,1;0,7;1,7;0,593;0;0,597;117,026736;2,1844;"C"
"Moses Moody";"GSW";20;13,5;1,4;4,7;1;3,7;0,8;0,4;0,6;0,437;0,364;0,778;95,707912;1,9558;"SG"
"Moses Wright";"DAL";23;12,2;4,9;7,3;2,4;4,9;0;0;2,4;0,25;0;1;102,511792;2,032;"PF"
"Mychal Mulder";"MIA";28;10,4;0,8;3,6;0,3;3,3;1,2;0,6;0,3;0,312;0,315;1;88,45044;1,905;"PG"
"Myles Powell";"PHI";24;9;2,1;4,1;0,7;3,5;2,1;0,7;0;0,294;0,167;1;88,45044;1,8796;"PG"
"Myles Turner";"IND";26;15,7;1,3;8,7;1,9;6,8;1,6;0,8;3,4;0,509;0,333;0,752;113,398;2,1082;"C"
"Naji Marshall";"NOP";24;15,3;3;6,9;1,9;5,1;2,3;1,6;0,4;0,405;0,2;0,796;99,79024;1,9812;"SF"
"Nassir Little";"POR";22;13,6;1,8;7,8;1,9;5,9;1,3;0,8;1,2;0,46;0,331;0,734;99,79024;1,9812;"SF"
"Nate Hinton";"IND";23;0;0;0;0;0;14,8;0;0;0;0;0;95,25432;1,9558;"SG"
"Nathan Knight";"MIN";24;18,6;3;11,4;4,3;7,1;2,4;0,9;1,1;0,511;0,308;0,733;114,758776;2,032;"PF"
"Naz Reid";"MIN";22;18,9;2,1;8,9;3;5,9;2,4;1,2;2,1;0,489;0,343;0,765;119,748288;2,0574;"C"
"Neemias Queta";"SAC";22;13,5;1,8;9,3;4,2;5,1;1,8;0,3;2,4;0,447;0;0,647;112,490816;2,1336;"C"
"Nemanja Bjelica";"GSW";34;13,6;5;9,3;2;7,3;2,7;1,3;0,8;0,468;0,362;0,728;106,140528;2,0574;"C"
"Nerlens Noel";"NYK";28;5,4;1,5;9;3,1;6;1,3;1,9;2;0,533;0;0,7;99,79024;2,0828;"C"
"Nic Claxton";"BKN";23;15,2;1,6;9,8;3,4;6,4;1,4;0,9;1,9;0,674;0;0,581;97,52228;2,1082;"C"
"Nick Richards";"CHA";24;14,7;1,3;8,4;3,3;5,1;2,4;0,9;2,1;0,667;0;0,698;111,13004;2,1082;"C"
"Nickeil Alexander-Walker";"UTA";23;17;3,8;4,6;0,9;3,7;2,3;1,1;0,6;0,372;0,311;0,743;92,98636;1,9558;"SG"
"Nicolas Batum";"LAC";33;12,1;2,5;6,3;0,7;5,5;1;1,4;1;0,463;0,4;0,658;104,32616;2,0066;"PF"
"Nik Stauskas";"BOS";28;16,7;1,9;2,8;0,9;1,9;0,9;0;0;0,357;0,4;0,667;93,893544;1,9812;"SG"
"Nikola Jokić";"DEN";27;29,1;8,5;14,8;3;11,8;4,1;1,6;0,9;0,583;0,337;0,81;128,820128;2,1082;"C"
"Nikola Vučević";"CHI";31;19,2;3,5;12;2,1;9,9;2;1;1,1;0,473;0,314;0,76;120,20188;2,0574;"C"
"Norman Powell";"LAC";29;21,1;2,4;3,6;0,5;3,1;1,7;1;0,5;0,461;0,419;0,811;97,52228;1,905;"SF"
"Norvel Pelle";"UTA";29;11,4;0;11,4;5,7;5,7;3,8;0;1,9;0,6;0;0;104,779752;2,0828;"C"
"OG Anunoby";"TOR";24;17,1;2,6;5,5;1,5;4;1,7;1,5;0,5;0,443;0,363;0,754;108,86208;2,0066;"SF"
"Obi Toppin";"NYK";24;19;2,3;7,8;2;5,8;1,6;0,7;1;0,531;0,308;0,758;99,79024;2,0574;"PF"
"Olivier Sarr";"OKC";23;13,1;1,6;8;2,9;5;1,9;0,5;1,3;0,574;0,448;0,828;108,86208;2,0828;"C"
"Omer Yurtseven";"MIA";24;15,2;2,5;15;4,3;10,7;2,1;0,9;1;0,526;0,091;0,623;124,7378;2,1082;"C"
"Onyeka Okongwu";"ATL";21;14,2;1,9;10,3;4,2;6,1;1,6;1,1;2,2;0,69;0;0,727;108,86208;2,0828;"C"
"Oshae Brissett";"IND";24;14,1;1,7;8,2;2,5;5,8;1,2;1;0,7;0,411;0,35;0,695;95,25432;2,0066;"SF"
"Otto Porter Jr.";"GSW";29;13,3;2,4;9,3;2,2;7,1;1;1,8;0,7;0,464;0,37;0,803;104,32616;2,032;"PF"
"P.J. Tucker";"MIA";37;9,8;2,7;7;1,8;5,2;1,2;1,1;0,3;0,484;0,415;0,738;111,13004;1,9558;"PF"
"P.J. Washington";"CHA";23;13,6;3;6,9;1,7;5,2;1,7;1,2;1,2;0,47;0,365;0,716;104,32616;2,0066;"C"
"PJ Dozier";"DEN";25;10,3;3,1;6,7;1,5;5,2;1,4;1,2;0,6;0,364;0,313;0,769;92,98636;1,9812;"SG"
"Paris Bass";"PHX";26;29,3;0;19,5;9,8;9,8;9,8;4,9;0;0,333;0;1;90,7184;2,032;"SF"
"Pascal Siakam";"TOR";28;21,7;5;8,1;1,8;6,3;2,5;1,2;0,6;0,494;0,344;0,749;111,13004;2,032;"PF"
"Pat Connaughton";"MIL";29;13,7;1,7;5,8;1;4,9;0,7;1,3;0,3;0,458;0,395;0,833;94,800728;1,9558;"SF"
"Patrick Beverley";"MIN";33;13;6,5;5,9;1,5;4,3;1,8;1,6;1,3;0,406;0,343;0,722;81,64656;1,8796;"PG"
"Patrick Williams";"CHI";20;13;1,3;5,9;1,4;4,4;1,4;0,8;0,8;0,529;0,517;0,732;106,59412;1,9812;"PF"
"Patty Mills";"BKN";33;14,2;2,8;2,4;0,3;2,1;1,1;0,8;0,3;0,408;0,4;0,814;81,64656;1,8796;"SG"
"Paul George";"LAC";32;25,2;5,9;7,1;0,4;6,7;4,2;2,2;0,4;0,421;0,354;0,858;99,79024;2,032;"PF"
"Paul Millsap";"PHI";37;11;2,8;10,9;3,9;7;1,8;1;1,2;0,391;0,229;0,708;116,573144;2,0066;"C"
"Paul Reed";"PHI";23;13,8;1,9;10,9;5,2;5,7;1,2;3,9;1,7;0,563;0,25;0,429;95,25432;2,0574;"C"
"Paul Watson";"OKC";27;7,1;1,8;6,2;0,7;5,5;0,9;0,7;0,7;0,343;0,231;0,5;95,25432;1,9812;"SF"
"Payton Pritchard";"BOS";24;15,9;5;4,8;1,2;3,7;1,5;0,9;0,2;0,429;0,412;1;88,45044;1,8542;"PG"
"Petr Cornelie";"DEN";26;13,3;2,8;13,3;6,6;6,6;3,8;0,9;0,9;0,333;0,125;0,75;99,79024;2,1082;"PF"
"Precious Achiuwa";"TOR";22;13,9;1,7;9,9;3;6,8;1,8;0,8;0,9;0,439;0,359;0,595;110,222856;2,032;"C"
"Quentin Grimes";"NYK";22;12,6;2;4,3;1,1;3,2;1,3;1,4;0,5;0,404;0,381;0,684;95,25432;1,9304;"SG"
"Quinndary Weatherspoon";"GSW";25;14,7;2,5;6,9;1;5,9;1,5;0,5;0,5;0,571;0,2;1;92,98636;1,905;"SG"
"R.J. Hampton";"ORL";21;12,6;4,1;5;0,6;4,4;2,2;1,1;0,3;0,383;0,35;0,641;79,3786;1,9304;"SG"
"RJ Barrett";"NYK";22;20,9;3,1;6,1;1;5,1;2,2;0,6;0,2;0,408;0,342;0,714;97,068688;1,9812;"SF"
"Rajon Rondo";"CLE";36;9,6;8,8;5,6;0,8;4,8;3,5;1,5;0,3;0,386;0,352;0,731;81,64656;1,8542;"PG"
"Raul Neto";"WAS";30;13,8;5,7;3,5;0,3;3,2;2,1;1,4;0,1;0,463;0,292;0,769;81,64656;1,8796;"PG"
"Rayjon Tucker";"MIL";24;10,7;5,1;4,1;1,5;2,5;0,5;2;0;0,667;0,8;0,714;94,800728;1,905;"SG"
"Reggie Bullock Jr.";"DAL";31;11;1,6;4,6;0,6;3,9;0,8;0,8;0,3;0,401;0,36;0,833;92,98636;1,9812;"SF"
"Reggie Jackson";"LAC";32;19,5;5,5;4,2;0,6;3,6;2,7;0,8;0,2;0,392;0,326;0,847;94,347136;1,8796;"SG"
"Reggie Perry";"POR";22;17,7;2,3;9;2,9;6,2;2,1;1,7;1,2;0,506;0,188;0,6;113,398;2,032;"PF"
"Richaun Holmes";"SAC";28;15,7;1,6;10,6;3,1;7,5;1,9;0,6;1,4;0,66;0,4;0,778;106,59412;2,0574;"C"
"Ricky Rubio";"IND";31;16,5;8,3;5,2;0,6;4,7;3,3;1,8;0,3;0,363;0,339;0,854;86,18248;1,8796;"PG"
"Rob Edwards";"OKC";25;10;0;10;0;10;3,3;0;0;0,25;0,25;0;92,98636;1,9558;"SG"
"Robert Covington";"LAC";31;11,2;1,7;7,3;1,1;6,2;1,4;1,9;1,7;0,42;0,378;0,841;94,800728;2,0066;"PF"
"Robert Williams III";"BOS";24;12,1;2,4;11,7;4,7;7;1,3;1,1;2,7;0,736;0;0,722;112,944408;2,0574;"C"
"Robert Woodard II";"SAS";22;6;2,6;9,4;4,3;5,1;0,9;0,9;0,9;0,125;0,25;1;106,59412;1,9812;"SF"
"Robin Lopez";"ORL";34;14,9;3,2;7,4;4;3,4;2,6;0,1;1,1;0,553;0,333;0,593;127,459352;2,159;"C"
"Rodney Hood";"LAC";29;8,3;1,9;3,9;0,8;3,1;0,6;0,8;0,3;0,369;0,33;0,895;94,347136;2,032;"SF"
"Rodney McGruder";"DET";30;13;2,3;5,3;1,5;3,8;1,1;1;0,3;0,436;0,397;0,731;92,98636;1,9304;"SG"
"Romeo Langford";"SAS";22;10,2;1;5;1,4;3,6;0,7;1;0,7;0,435;0,341;0,548;97,975872;1,9558;"SG"
"Royce O'Neale";"UTA";29;8,5;2,9;5,5;1;4,5;1,2;1,3;0,5;0,457;0,389;0,804;102,511792;1,9812;"SF"
"Ruben Nembhard Jr.";"CLE";23;8,6;6,9;4;1,7;2,3;1,7;0,6;0;0,333;0;0,75;90,7184;1,9304;"SG"
"Rudy Gay";"UTA";35;15,5;1,9;8,4;1,9;6,5;1,6;0,9;0,7;0,414;0,345;0,785;113,398;2,032;"PF"
"Rudy Gobert";"UTA";30;17,4;1,2;16,4;4,1;12,3;2;0,8;2,3;0,713;0;0,69;117,026736;2,159;"C"
"Rui Hachimura";"WAS";24;18,1;1,8;6,1;1;5,2;1,3;0,9;0,3;0,491;0,447;0,697;104,32616;2,032;"PF"
"Russell Westbrook";"LAL";33;19,4;7,4;7,8;1,5;6,3;4;1;0,3;0,444;0,298;0,667;90,7184;1,9304;"PG"
"Ryan Arcidiacono";"NYK";28;7,6;1,9;3,8;0;3,8;1,4;0,5;0;0,5;0,444;0;88,45044;1,905;"PG"
"Saben Lee";"DET";23;12,4;6,4;5,2;1,1;4,1;2,1;2,1;0,7;0,39;0,233;0,789;83,007336;1,8796;"PG"
"Saddiq Bey";"DET";23;17,6;3,1;5,9;1,4;4,4;1,3;1;0,2;0,396;0,346;0,827;97,52228;2,032;"SF"
"Sam Dekker";"TOR";28;0;0;0;0;0;0;0;0;0;0;0;99,336648;2,032;"PF"
"Sam Hauser";"BOS";24;14,8;2,3;6,6;1,1;5,5;0,5;0,2;0,5;0,46;0,432;0;98,429464;2,0066;"SF"
"Sam Merrill";"MEM";26;15,6;2,5;4,4;0,6;3,7;1,2;0;0;0,333;0,304;0,5;92,98636;1,9304;"SG"
"Sandro Mamukelashvili";"MIL";23;13,6;1,9;7,3;3,1;4,2;1,3;0,8;0,8;0,496;0,423;0,818;108,86208;2,0574;"PF"
"Santi Aldama";"MEM";21;13,2;2,1;8,7;3,3;5,4;1,6;0,6;1;0,402;0,125;0,625;97,52228;2,1336;"PF"
"Scottie Barnes";"TOR";20;15,6;3,5;7,7;2,7;5;1,9;1,1;0,8;0,492;0,301;0,735;107,501304;2,032;"PF"
"Scottie Lewis";"CHA";22;5,5;5,5;0;0;0;0;5,5;0;0;0;0,5;83,91452;1,9558;"SG"
"Scotty Hopson";"OKC";32;8,1;2;2;0;2;4,1;0;0;0,5;0;0;92,532768;2,0066;"SG"
"Sekou Doumbouya";"LAL";21;30,8;0;13,2;4,4;8,8;4,4;6,6;4,4;0,625;0,5;0,75;104,32616;2,0574;"PF"
"Semi Ojeleye";"LAC";27;8,7;0,8;6,6;2,4;4,2;0,8;0,6;0,5;0,303;0,3;0,793;108,86208;1,9812;"PF"
"Serge Ibaka";"MIL";32;15;2;10,3;2,5;7,7;1,8;0,5;1,4;0,5;0,374;0,727;106,59412;2,1082;"C"
"Seth Curry";"BKN";31;16,2;3,9;3,4;0,4;3;1,8;0,9;0,2;0,487;0,422;0,872;83,91452;1,8542;"SG"
"Shai Gilgeous-Alexander";"OKC";23;25,4;6,1;5,2;0,7;4,5;2,9;1,3;0,9;0,453;0,3;0,81;88,45044;1,9812;"PG"
"Shake Milton";"PHI";25;13,7;4,2;4,3;0,9;3,4;1,3;0,9;0,5;0,429;0,323;0,836;92,98636;1,9558;"SG"
"Shaq Buchanan";"MEM";25;7,3;7,3;7,3;3,7;3,7;7,3;3,7;0;0,25;0;0;86,18248;1,905;"SG"
"Shaquille Harrison";"BKN";28;6,4;4,8;6,4;1,6;4,8;3,2;1,6;1,6;0,333;0;0;88,45044;1,9304;"SG"
"Sharife Cooper";"ATL";21;6,5;4,7;4,7;0;4,7;4,7;0;0;0,214;0,167;0;79,832192;1,8288;"PG"
"Skylar Mays";"ATL";24;13,1;2,8;4,1;0,8;3,3;1,6;1,1;0;0,5;0,32;0,889;92,98636;1,905;"SG"
"Solomon Hill";"ATL";31;2,1;3,1;5,9;1,5;4,4;0,3;1;0,5;0,15;0,154;0;102,511792;1,9812;"SF"
"Spencer Dinwiddie";"DAL";29;16,7;6,3;5,1;0,8;4,3;1,9;0,8;0,2;0,416;0,339;0,774;97,52228;1,9558;"PG"
"Stanley Johnson";"LAL";26;10,5;2,6;5,1;1,1;4;1,2;1,4;0,5;0,466;0,314;0,716;109,769264;1,9812;"PF"
"Stephen Curry";"GSW";34;26,5;6,6;5,5;0,6;4,9;3,4;1,4;0,4;0,437;0,38;0,923;83,91452;1,8796;"PG"
"Sterling Brown";"DAL";27;9,2;1,9;8,5;1,5;7;1,3;0,8;0,4;0,381;0,304;0,933;99,336648;1,9558;"SG"
"Steven Adams";"MEM";28;9,5;4,6;13,7;6,3;7,4;2,1;1,2;1,1;0,547;0;0,543;120,20188;2,1082;"C"
"Svi Mykhailiuk";"TOR";25;12,8;2,3;4,6;1;3,6;1,6;1,3;0,2;0,389;0,306;0,865;92,98636;2,0066;"SF"
"T.J. McConnell";"IND";30;12,6;7,2;5;1,1;3,9;1,6;1,6;0,6;0,481;0,303;0,826;86,18248;1,8542;"PG"
"Tacko Fall";"CLE";26;7,3;1,2;14,1;4,3;9,8;1,8;0;3,7;0,417;0;0,286;141,067112;2,286;"C"
"Taj Gibson";"NYK";37;8,7;1,2;8,7;3,3;5,4;1;0,8;1,5;0,518;0,395;0,808;105,233344;2,0574;"C"
"Talen Horton-Tucker";"LAL";21;14,2;3,8;4,6;0,9;3,7;2;1,4;0,7;0,416;0,269;0,8;106,140528;1,9304;"SG"
"Taurean Prince";"MIN";28;15,4;2,1;5,3;0,8;4,5;1,6;1,4;0,7;0,454;0,376;0,756;98,883056;1,9812;"PF"
"Terance Mann";"LAC";25;13,5;3,2;6,6;1,6;5;1,3;0,9;0,3;0,484;0,365;0,78;97,52228;1,9812;"SF"
"Terence Davis";"SAC";25;20,9;2,7;6,3;0,7;5,6;2,2;1,7;0,7;0,423;0,329;0,818;91,171992;1,9304;"SG"
"Terrence Ross";"ORL";31;15,6;2,9;4;0,5;3,5;1,9;0,7;0,3;0,397;0,292;0,862;93,439952;2,0066;"SG"
"Terry Rozier";"CHA";28;20,6;4,8;4,6;0,8;3,8;1,4;1,4;0,4;0,444;0,374;0,852;86,18248;1,8542;"SG"
"Terry Taylor";"IND";22;16;2,1;8,7;4,8;3,9;1,2;0,7;0,4;0,614;0,316;0,706;104,32616;1,9304;"PF"
"Thaddeus Young";"TOR";34;13,7;4,4;8,9;3,4;5,5;2,2;2,3;0,8;0,518;0,354;0,469;102,0582;2,032;"PF"
"Thanasis Antetokounmpo";"MIL";29;13;1,7;7,7;3;4,6;2;1,2;0,9;0,547;0,143;0,63;99,336648;2,0066;"SF"
"Theo Maledon";"OKC";21;14,3;4,4;5,2;0,8;4,4;2,6;1,2;0,4;0,375;0,293;0,79;79,3786;1,9304;"PG"
"Theo Pinson";"DAL";26;11,7;4,1;5,1;0,5;4,6;1,2;1,2;0,5;0,359;0,333;1;96,161504;2,0066;"SF"
"Thomas Bryant";"WAS";24;16,5;1,9;8,9;2,1;6,7;1,6;0,5;1,7;0,52;0,286;0,875;112,490816;2,0574;"C"
"Tim Frazier";"CLE";31;6,8;5,9;3,3;0,9;2,4;2,6;0,5;0,2;0,311;0,353;0,556;77,11064;1,8288;"PG"
"Tim Hardaway Jr.";"DAL";30;17,3;2,7;4,5;0,4;4,1;1;1,1;0,2;0,394;0,336;0,757;92,98636;1,9558;"SG"
"Timothe Luwawu-Cabarrot";"ATL";27;11,9;2,1;4,3;0,9;3,4;1,1;0,9;0,3;0,398;0,361;0,854;97,52228;2,0066;"SF"
"Tobias Harris";"PHI";29;17,8;3,6;7;1,1;5,9;1,6;0,7;0,6;0,482;0,367;0,842;102,511792;2,032;"PF"
"Tomas Satoransky";"WAS";30;7,9;7,3;5;1,1;3,9;1,8;1,2;0,2;0,377;0,208;0,796;95,25432;2,0066;"SG"
"Tony Bradley";"CHI";24;10,7;1,8;12,2;4,4;7,8;2,2;0,7;2,2;0,585;0;0,655;112,490816;2,0828;"C"
"Tony Snell";"NOP";30;8,2;1,2;4,5;0,7;3,8;0,8;0,7;0,4;0,404;0,352;1;96,615096;1,9812;"SG"
"Torrey Craig";"PHX";31;11,6;2,1;7;1,9;5,1;1,5;1;0,8;0,454;0,329;0,75;100,243832;1,9558;"SF"
"Trae Young";"ATL";23;29,3;10;3,9;0,7;3,2;4,1;1;0,1;0,46;0,382;0,904;74,389088;1,8796;"PG"
"Trayvon Palmer";"DET";27;0;0;4,3;0;4,3;2,1;0;0;0;0;0;90,7184;1,9812;"SG"
"Tre Jones";"SAS";22;12,9;7,3;4,9;0,9;4;1,4;1,3;0,2;0,49;0,196;0,78;86,18248;1,8542;"PG"
"Tre Mann";"OKC";21;16,5;2,4;4,5;0,7;3,8;1,9;1,2;0,3;0,393;0,36;0,793;80,739376;1,9304;"PG"
"Tremont Waters";"WAS";24;7,2;5;2,9;0;2,9;2,9;3,6;0;0,286;0,222;0;79,3786;1,778;"PG"
"Trendon Watford";"POR";21;15,1;3,4;8,2;2,4;5,9;1,8;1;1,2;0,532;0,237;0,755;107,501304;2,032;"SF"
"Trent Forrest";"UTA";24;9,2;5;4,7;1,1;3,6;2,3;1,4;0,3;0,49;0,185;0,792;95,25432;1,9304;"PG"
"Trevelin Queen";"HOU";25;20,8;1,9;7,7;3,4;4,4;3,4;2,4;0,5;0,455;0,375;1;86,18248;1,9558;"SG"
"Trevon Scott";"CLE";25;19;0;6,3;3,2;3,2;0;3,2;3,2;0,5;0;0;102,0582;2,032;"SF"
"Trevor Ariza";"LAL";37;7,5;2,1;6,4;0,8;5,6;0,9;1;0,5;0,333;0,27;0,556;97,52228;2,032;"SF"
"Trey Burke";"DAL";29;17,5;4,7;2,7;0,3;2,4;2,1;1;0;0,391;0,317;0,87;83,91452;1,8288;"PG"
"Trey Lyles";"SAC";26;18,4;2,1;8,9;2,1;6,8;1,7;0,7;0,7;0,466;0,321;0,802;106,140528;2,0574;"PF"
"Trey Murphy III";"NOP";22;13,9;1,6;6,1;2;4,2;0,7;1;0,3;0,394;0,382;0,882;93,439952;2,032;"SF"
"Tristan Thompson";"CHI";31;13,8;1,4;11,6;4,8;6,7;1,8;0,9;0,8;0,528;0,333;0,526;115,212368;2,0574;"C"
"Troy Brown Jr.";"CHI";22;9,7;2,3;6,9;1,3;5,6;0,9;1,2;0,2;0,419;0,353;0,769;97,52228;2,0066;"SF"
"Ty Jerome";"OKC";24;15,3;4,9;3,5;0,9;2,7;1,7;1,3;0,2;0,378;0,29;0,809;88,45044;1,9558;"SG"
"Tyler Cook";"CHI";24;12,1;0,5;9,6;2,9;6,7;1,3;0,7;0,7;0,605;0;0,656;115,66596;2,032;"PF"
"Tyler Hall";"NYK";25;0;0;0;0;0;0;0;0;0;0;0;94,800728;1,9558;"SG"
"Tyler Herro";"MIA";22;22,9;4,4;5,5;0,5;5;2,9;0,7;0,1;0,447;0,399;0,868;88,45044;1,9558;"SG"
"Tyler Johnson";"SAS";30;6,7;2,8;4,7;1,2;3,5;0,8;1,2;1,2;0,3;0,385;0;84,368112;1,905;"PG"
"Tyrell Terry";"MEM";21;23,6;0;0;0;0;0;0;0;1;0;0;72,57472;1,8796;"PG"
"Tyrese Haliburton";"IND";22;15,8;8,4;4,2;0,8;3,3;2,7;1,8;0,7;0,473;0,414;0,842;83,91452;1,9558;"PG"
"Tyrese Maxey";"PHI";21;17,8;4,4;3,3;0,4;2,9;1,2;0,7;0,4;0,485;0,427;0,866;90,7184;1,8796;"PG"
"Tyrone Wallace";"NOP";28;8,2;0,5;3,8;0;3,8;1;1,4;0,5;0,35;0,25;0,2;89,811216;1,9558;"SG"
"Tyus Jones";"MEM";26;14,7;7,5;4,1;0,4;3,7;1,1;1,5;0;0,451;0,39;0,818;88,904032;1,8288;"PG"
"Udoka Azubuike";"UTA";22;14,8;0;13,1;3,3;9,8;2,2;0,2;2;0,755;0;0,545;122,46984;2,1082;"C"
"Udonis Haslem";"MIA";42;13,8;1,7;10,8;1,7;9,1;2,2;0,4;0,4;0,452;0,25;1;106,59412;2,0066;"C"
"Usman Garuba";"HOU";20;7,2;2,6;12,5;3,2;9,3;0,9;1,5;1,7;0,432;0,25;0,714;103,872568;2,032;"PF"
"Vernon Carey Jr.";"WAS";21;16,3;0;9,8;6,5;3,3;2,4;1,6;0,8;0,538;0;0,462;122,46984;2,0828;"C"
"Victor Oladipo";"MIA";30;20,6;5,8;4,8;0,6;4,2;3,3;1;0,2;0,479;0,417;0,737;96,615096;1,905;"SG"
"Vlatko Čančar";"DEN";25;12,7;3,5;6,3;1,6;4,7;1,8;0,4;0,6;0,561;0,583;0,643;107,047712;2,032;"PF"
"Vít Krejčí";"OKC";22;9,8;3;5,3;0,9;4,3;1,5;1;0,4;0,407;0,327;0,864;88,45044;2,032;"SG"
"Wayne Ellington";"LAL";34;12,8;1,3;3,4;0,4;3;0,8;1;0,2;0,414;0,389;0,818;93,893544;1,9304;"SG"
"Wayne Selden";"NYK";27;9,4;1,9;1,9;0;1,9;0;0;0;0,25;0,5;0,5;105,233344;1,9304;"SG"
"Wendell Carter Jr.";"ORL";23;18,1;3,3;12,6;2,7;9,9;2,3;0,7;0,8;0,525;0,327;0,691;122,46984;2,0828;"PF"
"Wenyen Gabriel";"LAL";25;14,1;1,4;9,7;3,9;5,8;1,6;0,5;1,1;0,491;0,286;0,595;92,98636;2,0574;"PF"
"Wes Iwundu";"ATL";27;9,6;0;5,7;1,3;4,4;0,4;0,4;0;0,444;0,6;0,75;88,45044;1,9812;"SF"
"Wesley Matthews";"MIL";35;8,9;1,3;3,3;1,1;2,2;0,6;0,8;0,3;0,395;0,338;0,786;99,79024;1,9558;"SG"
"Will Barton";"DEN";31;16,5;4,4;5,4;0,7;4,7;2;0,9;0,5;0,438;0,365;0,803;82,100152;1,9558;"SG"
"Willie Cauley-Stein";"PHI";28;6,7;2;7,9;2,6;5,3;1,4;1,2;0,6;0,457;0,5;0,5;108,86208;2,1336;"C"
"Willy Hernangomez";"NOP";28;19,4;2,7;14,5;6,1;8,4;2,2;0,9;0,8;0,52;0,333;0,773;113,398;2,1082;"C"
"Xavier Moon";"LAC";27;15,2;6,3;3,7;0,5;3,1;1,6;1,8;0,8;0,49;0,357;0,6;74,84268;1,8288;"SG"
"Xavier Sneed";"UTA";24;4,6;0,9;5,6;1,9;3,7;0;0;0;0,2;0,125;0;97,52228;1,9558;"SF"
"Xavier Tillman";"MEM";23;12,9;3,2;8,3;3,4;4,9;1,7;2,5;0,8;0,454;0,204;0,648;111,13004;2,032;"PF"
"Yuta Watanabe";"TOR";27;13,2;1,7;7,4;1,5;6;1,5;0,9;1,3;0,406;0,342;0,6;97,52228;2,0574;"SF"
"Yves Pons";"MEM";23;6,6;0,5;6,1;2,5;3,6;0,5;0,5;2;0,313;0,333;0;93,439952;1,9558;"SF"
"Zach Collins";"SAS";24;15,6;4,4;11;3,3;7,7;3,2;0,9;1,6;0,49;0,341;0,8;108,86208;2,0574;"C"
"Zach LaVine";"CHI";27;25,3;4,7;4,8;0,3;4,4;2,6;0,6;0,4;0,476;0,389;0,853;90,7184;1,9558;"SG"
"Zavier Simpson";"OKC";25;9,1;6,2;4,3;0,4;3,9;2,1;1;0,8;0,365;0,125;1;86,18248;1,8288;"PG"
"Zeke Nnaji";"DEN";21;13,9;0,9;7,6;2,9;4,7;1,2;0,8;0,7;0,516;0,463;0,631;108,86208;2,0828;"PF"
"Ziaire Williams";"MEM";20;13,4;1,7;3,4;0,7;2,8;1,1;0,9;0,3;0,45;0,314;0,782;83,91452;2,0574;"SF"
"Zylan Cheatham";"UTA";26;0;0;0;0;0;0;0;0;0;0;0;99,79024;1,9558;"SF"
